Topic,temperature1,temperature2,AverageSimilarity
-1,0.0,0.0,1.0000001
-1,0.0,0.25,1.0000001
-1,0.0,0.5,0.9934519
-1,0.0,0.75,0.99607116
-1,0.0,1.0,0.9908325
-1,0.0,1.25,0.9921422
-1,0.0,1.5,0.98820597
-1,0.0,1.75,0.99607116
-1,0.0,2.0,0.97230864
-1,0.25,0.0,1.0000001
-1,0.25,0.25,1.0000001
-1,0.25,0.5,0.9934519
-1,0.25,0.75,0.99607116
-1,0.25,1.0,0.9908325
-1,0.25,1.25,0.9921422
-1,0.25,1.5,0.98820597
-1,0.25,1.75,0.99607116
-1,0.25,2.0,0.97230864
-1,0.5,0.0,0.99345183
-1,0.5,0.25,0.99345183
-1,0.5,0.5,0.99017775
-1,0.5,0.75,0.99148744
-1,0.5,1.0,0.9888681
-1,0.5,1.25,0.9895229
-1,0.5,1.5,0.9875403
-1,0.5,1.75,0.99148744
-1,0.5,2.0,0.9711248
-1,0.75,0.0,0.99607116
-1,0.75,0.25,0.99607116
-1,0.75,0.5,0.99148744
-1,0.75,0.75,0.99332094
-1,0.75,1.0,0.98965394
-1,0.75,1.25,0.99057066
-1,0.75,1.5,0.98780656
-1,0.75,1.75,0.99332094
-1,0.75,2.0,0.97159827
-1,1.0,0.0,0.9908325
-1,1.0,0.25,0.9908325
-1,1.0,0.5,0.988868
-1,1.0,0.75,0.9896538
-1,1.0,1.0,0.9880822
-1,1.0,1.25,0.9884752
-1,1.0,1.5,0.987274
-1,1.0,1.75,0.98965377
-1,1.0,2.0,0.97065127
-1,1.25,0.0,0.9921422
-1,1.25,0.25,0.9921422
-1,1.25,0.5,0.9895229
-1,1.25,0.75,0.9905706
-1,1.25,1.0,0.9884752
-1,1.25,1.25,0.988999
-1,1.25,1.5,0.98740715
-1,1.25,1.75,0.99057066
-1,1.25,2.0,0.97088796
-1,1.5,0.0,0.988206
-1,1.5,0.25,0.988206
-1,1.5,0.5,0.98754036
-1,1.5,0.75,0.98780656
-1,1.5,1.0,0.987274
-1,1.5,1.25,0.9874072
-1,1.5,1.5,0.9869861
-1,1.5,1.75,0.98780656
-1,1.5,2.0,0.97015566
-1,1.75,0.0,0.99607116
-1,1.75,0.25,0.99607116
-1,1.75,0.5,0.99148744
-1,1.75,0.75,0.99332094
-1,1.75,1.0,0.98965377
-1,1.75,1.25,0.99057055
-1,1.75,1.5,0.98780656
-1,1.75,1.75,0.99332094
-1,1.75,2.0,0.97159827
-1,2.0,0.0,0.9723085
-1,2.0,0.25,0.9723085
-1,2.0,0.5,0.9711247
-1,2.0,0.75,0.97159827
-1,2.0,1.0,0.97065127
-1,2.0,1.25,0.97088796
-1,2.0,1.5,0.97015566
-1,2.0,1.75,0.97159827
-1,2.0,2.0,0.95557904
0,0.0,0.0,1.0
0,0.0,0.25,0.9932469
0,0.0,0.5,0.9556999
0,0.0,0.75,0.9594816
0,0.0,1.0,0.9117131
0,0.0,1.25,0.89884317
0,0.0,1.5,0.8962283
0,0.0,1.75,0.88938963
0,0.0,2.0,0.77711797
0,0.25,0.0,0.9932469
0,0.25,0.25,0.9871692
0,0.25,0.5,0.95306593
0,0.25,0.75,0.9567804
0,0.25,1.0,0.9101651
0,0.25,1.25,0.8964523
0,0.25,1.5,0.89321655
0,0.25,1.75,0.8883133
0,0.25,2.0,0.77498734
0,0.5,0.0,0.95569986
0,0.5,0.25,0.95306593
0,0.5,0.5,0.93689644
0,0.5,0.75,0.9398962
0,0.5,1.0,0.89941114
0,0.5,1.25,0.88295335
0,0.5,1.5,0.876463
0,0.5,1.75,0.8817668
0,0.5,2.0,0.7647217
0,0.75,0.0,0.9594815
0,0.75,0.25,0.95678025
0,0.75,0.5,0.9398962
0,0.75,0.75,0.94327414
0,0.75,1.0,0.902425
0,0.75,1.25,0.8844984
0,0.75,1.5,0.8781578
0,0.75,1.75,0.88293123
0,0.75,2.0,0.764334
0,1.0,0.0,0.91171294
0,1.0,0.25,0.91016495
0,1.0,0.5,0.89941114
0,1.0,0.75,0.902425
0,1.0,1.0,0.872014
0,1.0,1.25,0.85209394
0,1.0,1.5,0.84291595
0,1.0,1.75,0.85058504
0,1.0,2.0,0.74072945
0,1.25,0.0,0.89884305
0,1.25,0.25,0.8964523
0,1.25,0.5,0.88295335
0,1.25,0.75,0.8844984
0,1.25,1.0,0.85209394
0,1.25,1.25,0.8412607
0,1.25,1.5,0.8323056
0,1.25,1.75,0.8391957
0,1.25,2.0,0.7382887
0,1.5,0.0,0.89622825
0,1.5,0.25,0.89321655
0,1.5,0.5,0.876463
0,1.5,0.75,0.87815785
0,1.5,1.0,0.84291613
0,1.5,1.25,0.8323056
0,1.5,1.5,0.829252
0,1.5,1.75,0.8299189
0,1.5,2.0,0.72972196
0,1.75,0.0,0.88938963
0,1.75,0.25,0.8883133
0,1.75,0.5,0.8817668
0,1.75,0.75,0.88293123
0,1.75,1.0,0.85058504
0,1.75,1.25,0.8391957
0,1.75,1.5,0.8299189
0,1.75,1.75,0.84397554
0,1.75,2.0,0.7361771
0,2.0,0.0,0.7771179
0,2.0,0.25,0.77498734
0,2.0,0.5,0.7647217
0,2.0,0.75,0.764334
0,2.0,1.0,0.7407294
0,2.0,1.25,0.7382886
0,2.0,1.5,0.72972196
0,2.0,1.75,0.73617697
0,2.0,2.0,0.67095643
1,0.0,0.0,1.0000001
1,0.0,0.25,1.0000001
1,0.0,0.5,0.9562917
1,0.0,0.75,0.9781938
1,0.0,1.0,0.91258323
1,0.0,1.25,0.857344
1,0.0,1.5,0.8780724
1,0.0,1.75,0.93349564
1,0.0,2.0,0.870628
1,0.25,0.0,1.0000001
1,0.25,0.25,1.0000001
1,0.25,0.5,0.9562917
1,0.25,0.75,0.9781938
1,0.25,1.0,0.91258323
1,0.25,1.25,0.857344
1,0.25,1.5,0.8780724
1,0.25,1.75,0.93349564
1,0.25,2.0,0.870628
1,0.5,0.0,0.9562917
1,0.5,0.25,0.9562917
1,0.5,0.5,0.9291202
1,0.5,0.75,0.94290197
1,0.5,1.0,0.90194863
1,0.5,1.25,0.8669646
1,0.5,1.5,0.8799953
1,0.5,1.75,0.9145149
1,0.5,2.0,0.8709828
1,0.75,0.0,0.9781938
1,0.75,0.25,0.9781938
1,0.75,0.5,0.9429021
1,0.75,0.75,0.96074885
1,0.75,1.0,0.9076102
1,0.75,1.25,0.862421
1,0.75,1.5,0.87948287
1,0.75,1.75,0.92414427
1,0.75,2.0,0.8712059
1,1.0,0.0,0.91258323
1,1.0,0.25,0.91258323
1,1.0,0.5,0.9019487
1,1.0,0.75,0.9076102
1,1.0,1.0,0.8913141
1,1.0,1.25,0.8765852
1,1.0,1.5,0.88191813
1,1.0,1.75,0.89553434
1,1.0,2.0,0.87133765
1,1.25,0.0,0.857344
1,1.25,0.25,0.857344
1,1.25,0.5,0.8669646
1,1.25,0.75,0.862421
1,1.25,1.0,0.8765852
1,1.25,1.25,0.88757235
1,1.25,1.5,0.8826554
1,1.25,1.75,0.8710598
1,1.25,2.0,0.87027436
1,1.5,0.0,0.8780724
1,1.5,0.25,0.8780724
1,1.5,0.5,0.87999517
1,1.5,0.75,0.87948287
1,1.5,1.0,0.88191813
1,1.5,1.25,0.8826555
1,1.5,1.5,0.8822777
1,1.5,1.75,0.87987655
1,1.5,2.0,0.8703723
1,1.75,0.0,0.9334956
1,1.75,0.25,0.9334956
1,1.75,0.5,0.9145149
1,1.75,0.75,0.9241442
1,1.75,1.0,0.89553434
1,1.75,1.25,0.8710597
1,1.75,1.5,0.87987655
1,1.75,1.75,0.9044593
1,1.75,2.0,0.8702861
1,2.0,0.0,0.87062806
1,2.0,0.25,0.87062806
1,2.0,0.5,0.8709828
1,2.0,0.75,0.8712059
1,2.0,1.0,0.87133765
1,2.0,1.25,0.87027436
1,2.0,1.5,0.87037224
1,2.0,1.75,0.8702861
1,2.0,2.0,0.8606128
2,0.0,0.0,1.0
2,0.0,0.25,0.99377096
2,0.0,0.5,0.986102
2,0.0,0.75,0.9648416
2,0.0,1.0,0.9671038
2,0.0,1.25,0.91914004
2,0.0,1.5,0.8857095
2,0.0,1.75,0.8805751
2,0.0,2.0,0.76112646
2,0.25,0.0,0.9937709
2,0.25,0.25,0.98816484
2,0.25,0.5,0.98067045
2,0.25,0.75,0.9608445
2,0.25,1.0,0.9628424
2,0.25,1.25,0.9168398
2,0.25,1.5,0.88539386
2,0.25,1.75,0.8806856
2,0.25,2.0,0.7618912
2,0.5,0.0,0.986102
2,0.5,0.25,0.98067045
2,0.5,0.5,0.9739431
2,0.5,0.75,0.95523834
2,0.5,1.0,0.95688736
2,0.5,1.25,0.91487104
2,0.5,1.5,0.88326555
2,0.5,1.75,0.88040435
2,0.5,2.0,0.7613135
2,0.75,0.0,0.9648416
2,0.75,0.25,0.9608444
2,0.75,0.5,0.95523834
2,0.75,0.75,0.94065386
2,0.75,1.0,0.94139975
2,0.75,1.25,0.9072481
2,0.75,1.5,0.8794693
2,0.75,1.75,0.87943435
2,0.75,2.0,0.76111394
2,1.0,0.0,0.9671037
2,1.0,0.25,0.96284235
2,1.0,0.5,0.95688736
2,1.0,0.75,0.9413997
2,1.0,1.0,0.94268644
2,1.0,1.25,0.9064922
2,1.0,1.5,0.8784965
2,1.0,1.75,0.876964
2,1.0,2.0,0.7601539
2,1.25,0.0,0.91914004
2,1.25,0.25,0.9168398
2,1.25,0.5,0.91487104
2,1.25,0.75,0.90724814
2,1.25,1.0,0.90649223
2,1.25,1.25,0.893183
2,1.25,1.5,0.86814666
2,1.25,1.75,0.87581617
2,1.25,2.0,0.7597978
2,1.5,0.0,0.8857095
2,1.5,0.25,0.8853939
2,1.5,0.5,0.8832657
2,1.5,0.75,0.8794693
2,1.5,1.0,0.8784965
2,1.5,1.25,0.86814666
2,1.5,1.5,0.855569
2,1.5,1.75,0.8577382
2,1.5,2.0,0.75144386
2,1.75,0.0,0.8805752
2,1.75,0.25,0.88068575
2,1.75,0.5,0.88040435
2,1.75,0.75,0.87943435
2,1.75,1.0,0.876964
2,1.75,1.25,0.87581617
2,1.75,1.5,0.85773814
2,1.75,1.75,0.8704753
2,1.75,2.0,0.75726974
2,2.0,0.0,0.76112646
2,2.0,0.25,0.7618912
2,2.0,0.5,0.7613135
2,2.0,0.75,0.76111394
2,2.0,1.0,0.7601539
2,2.0,1.25,0.7597978
2,2.0,1.5,0.7514439
2,2.0,1.75,0.7572697
2,2.0,2.0,0.6875395
3,0.0,0.0,1.0000001
3,0.0,0.25,1.0000001
3,0.0,0.5,0.98198265
3,0.0,0.75,0.9656908
3,0.0,1.0,0.91866434
3,0.0,1.25,0.87371475
3,0.0,1.5,0.88900393
3,0.0,1.75,0.85435945
3,0.0,2.0,0.7346393
3,0.25,0.0,1.0000001
3,0.25,0.25,1.0000001
3,0.25,0.5,0.98198265
3,0.25,0.75,0.9656908
3,0.25,1.0,0.91866434
3,0.25,1.25,0.87371475
3,0.25,1.5,0.88900393
3,0.25,1.75,0.85435945
3,0.25,2.0,0.7346393
3,0.5,0.0,0.98198265
3,0.5,0.25,0.98198265
3,0.5,0.5,0.9674826
3,0.5,0.75,0.9511752
3,0.5,1.0,0.9106917
3,0.5,1.25,0.8676957
3,0.5,1.5,0.88577294
3,0.5,1.75,0.8530829
3,0.5,2.0,0.7357653
3,0.75,0.0,0.9656908
3,0.75,0.25,0.9656908
3,0.75,0.5,0.95117533
3,0.75,0.75,0.940385
3,0.75,1.0,0.90534437
3,0.75,1.25,0.86437505
3,0.75,1.5,0.8792934
3,0.75,1.75,0.8503066
3,0.75,2.0,0.73084176
3,1.0,0.0,0.9186642
3,1.0,0.25,0.9186642
3,1.0,0.5,0.9106917
3,1.0,0.75,0.90534437
3,1.0,1.0,0.8920109
3,1.0,1.25,0.85382295
3,1.0,1.5,0.8700647
3,1.0,1.75,0.8498544
3,1.0,2.0,0.73102003
3,1.25,0.0,0.87371475
3,1.25,0.25,0.87371475
3,1.25,0.5,0.8676957
3,1.25,0.75,0.8643752
3,1.25,1.0,0.85382295
3,1.25,1.25,0.827374
3,1.25,1.5,0.8378933
3,1.25,1.75,0.8210545
3,1.25,2.0,0.7101068
3,1.5,0.0,0.88900393
3,1.5,0.25,0.88900393
3,1.5,0.5,0.885773
3,1.5,0.75,0.8792934
3,1.5,1.0,0.8700647
3,1.5,1.25,0.8378933
3,1.5,1.5,0.8596538
3,1.5,1.75,0.84005296
3,1.5,2.0,0.72648734
3,1.75,0.0,0.85435945
3,1.75,0.25,0.85435945
3,1.75,0.5,0.8530829
3,1.75,0.75,0.85030663
3,1.75,1.0,0.84985435
3,1.75,1.25,0.8210545
3,1.75,1.5,0.84005284
3,1.75,1.75,0.82840407
3,1.75,2.0,0.71385604
3,2.0,0.0,0.7346393
3,2.0,0.25,0.7346393
3,2.0,0.5,0.7357652
3,2.0,0.75,0.73084176
3,2.0,1.0,0.73102003
3,2.0,1.25,0.7101068
3,2.0,1.5,0.7264874
3,2.0,1.75,0.71385604
3,2.0,2.0,0.63933897
4,0.0,0.0,1.0000001
4,0.0,0.25,1.0000001
4,0.0,0.5,1.0000001
4,0.0,0.75,0.9968223
4,0.0,1.0,0.9580307
4,0.0,1.25,0.9279875
4,0.0,1.5,0.9279001
4,0.0,1.75,0.890907
4,0.0,2.0,0.70294267
4,0.25,0.0,1.0000001
4,0.25,0.25,1.0000001
4,0.25,0.5,1.0000001
4,0.25,0.75,0.9968223
4,0.25,1.0,0.9580307
4,0.25,1.25,0.9279875
4,0.25,1.5,0.9279001
4,0.25,1.75,0.890907
4,0.25,2.0,0.70294267
4,0.5,0.0,1.0000001
4,0.5,0.25,1.0000001
4,0.5,0.5,1.0000001
4,0.5,0.75,0.9968223
4,0.5,1.0,0.9580307
4,0.5,1.25,0.9279875
4,0.5,1.5,0.9279001
4,0.5,1.75,0.890907
4,0.5,2.0,0.70294267
4,0.75,0.0,0.9968222
4,0.75,0.25,0.9968222
4,0.75,0.5,0.9968222
4,0.75,0.75,0.9939622
4,0.75,1.0,0.95567244
4,0.75,1.25,0.9254448
4,0.75,1.5,0.9253215
4,0.75,1.75,0.88954765
4,0.75,2.0,0.70297045
4,1.0,0.0,0.95803076
4,1.0,0.25,0.95803076
4,1.0,0.5,0.95803076
4,1.0,0.75,0.95567244
4,1.0,1.0,0.9302374
4,1.0,1.25,0.90051615
4,1.0,1.5,0.90459996
4,1.0,1.75,0.8686275
4,1.0,2.0,0.70217484
4,1.25,0.0,0.92798746
4,1.25,0.25,0.92798746
4,1.25,0.5,0.92798746
4,1.25,0.75,0.9254448
4,1.25,1.0,0.90051615
4,1.25,1.25,0.877801
4,1.25,1.5,0.8780643
4,1.25,1.75,0.83994985
4,1.25,2.0,0.68212837
4,1.5,0.0,0.9279001
4,1.5,0.25,0.9279001
4,1.5,0.5,0.9279001
4,1.5,0.75,0.9253215
4,1.5,1.0,0.90459996
4,1.5,1.25,0.8780642
4,1.5,1.5,0.8841861
4,1.5,1.75,0.8442142
4,1.5,2.0,0.6887965
4,1.75,0.0,0.890907
4,1.75,0.25,0.890907
4,1.75,0.5,0.890907
4,1.75,0.75,0.8895477
4,1.75,1.0,0.8686275
4,1.75,1.25,0.8399498
4,1.75,1.5,0.8442142
4,1.75,1.75,0.8216376
4,1.75,2.0,0.6769132
4,2.0,0.0,0.7029427
4,2.0,0.25,0.7029427
4,2.0,0.5,0.7029427
4,2.0,0.75,0.70297045
4,2.0,1.0,0.7021749
4,2.0,1.25,0.6821283
4,2.0,1.5,0.68879664
4,2.0,1.75,0.6769133
4,2.0,2.0,0.61540335
5,0.0,0.0,1.0000001
5,0.0,0.25,1.0000001
5,0.0,0.5,1.0000001
5,0.0,0.75,0.9917897
5,0.0,1.0,0.98357934
5,0.0,1.25,1.0000001
5,0.0,1.5,0.9819057
5,0.0,1.75,0.9431433
5,0.0,2.0,0.88921785
5,0.25,0.0,1.0000001
5,0.25,0.25,1.0000001
5,0.25,0.5,1.0000001
5,0.25,0.75,0.9917897
5,0.25,1.0,0.98357934
5,0.25,1.25,1.0000001
5,0.25,1.5,0.9819057
5,0.25,1.75,0.9431433
5,0.25,2.0,0.88921785
5,0.5,0.0,1.0000001
5,0.5,0.25,1.0000001
5,0.5,0.5,1.0000001
5,0.5,0.75,0.9917897
5,0.5,1.0,0.98357934
5,0.5,1.25,1.0000001
5,0.5,1.5,0.9819057
5,0.5,1.75,0.9431433
5,0.5,2.0,0.88921785
5,0.75,0.0,0.9917897
5,0.75,0.25,0.9917897
5,0.75,0.5,0.9917897
5,0.75,0.75,0.9852214
5,0.75,1.0,0.97865313
5,0.75,1.25,0.9917897
5,0.75,1.5,0.976835
5,0.75,1.75,0.9413548
5,0.75,2.0,0.8860767
5,1.0,0.0,0.98357934
5,1.0,0.25,0.98357934
5,1.0,0.5,0.98357934
5,1.0,0.75,0.97865313
5,1.0,1.0,0.97372687
5,1.0,1.25,0.98357934
5,1.0,1.5,0.9717643
5,1.0,1.75,0.9395664
5,1.0,2.0,0.88293535
5,1.25,0.0,1.0000001
5,1.25,0.25,1.0000001
5,1.25,0.5,1.0000001
5,1.25,0.75,0.9917897
5,1.25,1.0,0.98357934
5,1.25,1.25,1.0000001
5,1.25,1.5,0.9819057
5,1.25,1.75,0.9431433
5,1.25,2.0,0.88921785
5,1.5,0.0,0.9819057
5,1.5,0.25,0.9819057
5,1.5,0.5,0.9819057
5,1.5,0.75,0.976835
5,1.5,1.0,0.9717642
5,1.5,1.25,0.9819057
5,1.5,1.5,0.9701108
5,1.5,1.75,0.937421
5,1.5,2.0,0.88071
5,1.75,0.0,0.9431433
5,1.75,0.25,0.9431433
5,1.75,0.5,0.9431433
5,1.75,0.75,0.9413548
5,1.75,1.0,0.9395664
5,1.75,1.25,0.9431433
5,1.75,1.5,0.93742096
5,1.75,1.75,0.9152284
5,1.75,2.0,0.857699
5,2.0,0.0,0.88921785
5,2.0,0.25,0.88921785
5,2.0,0.5,0.88921785
5,2.0,0.75,0.8860767
5,2.0,1.0,0.88293546
5,2.0,1.25,0.88921785
5,2.0,1.5,0.88071
5,2.0,1.75,0.857699
5,2.0,2.0,0.81277907
6,0.0,0.0,0.99999994
6,0.0,0.25,0.99999994
6,0.0,0.5,0.99999994
6,0.0,0.75,0.9949543
6,0.0,1.0,0.97981733
6,0.0,1.25,0.9899086
6,0.0,1.5,0.98446715
6,0.0,1.75,0.96434724
6,0.0,2.0,0.9302235
6,0.25,0.0,0.99999994
6,0.25,0.25,0.99999994
6,0.25,0.5,0.99999994
6,0.25,0.75,0.9949543
6,0.25,1.0,0.97981733
6,0.25,1.25,0.9899086
6,0.25,1.5,0.98446715
6,0.25,1.75,0.96434724
6,0.25,2.0,0.9302235
6,0.5,0.0,0.99999994
6,0.5,0.25,0.99999994
6,0.5,0.5,0.99999994
6,0.5,0.75,0.9949543
6,0.5,1.0,0.97981733
6,0.5,1.25,0.9899086
6,0.5,1.5,0.98446715
6,0.5,1.75,0.96434724
6,0.5,2.0,0.9302235
6,0.75,0.0,0.9949542
6,0.75,0.25,0.9949542
6,0.75,0.5,0.9949542
6,0.75,0.75,0.9904132
6,0.75,1.0,0.97679
6,0.75,1.25,0.9858721
6,0.75,1.5,0.98086786
6,0.75,1.75,0.96167207
6,0.75,2.0,0.9272629
6,1.0,0.0,0.97981733
6,1.0,0.25,0.97981733
6,1.0,0.5,0.97981733
6,1.0,0.75,0.97679
6,1.0,1.0,0.9677078
6,1.0,1.25,0.9737626
6,1.0,1.5,0.9700699
6,1.0,1.75,0.95364654
6,1.0,2.0,0.91838104
6,1.25,0.0,0.9899086
6,1.25,0.25,0.9899086
6,1.25,0.5,0.9899086
6,1.25,0.75,0.9858722
6,1.25,1.0,0.9737626
6,1.25,1.25,0.9818356
6,1.25,1.5,0.9772685
6,1.25,1.75,0.9589969
6,1.25,2.0,0.9243022
6,1.5,0.0,0.98446715
6,1.5,0.25,0.98446715
6,1.5,0.5,0.98446715
6,1.5,0.75,0.9808679
6,1.5,1.0,0.9700699
6,1.5,1.25,0.9772685
6,1.5,1.5,0.9732456
6,1.5,1.75,0.95578706
6,1.5,2.0,0.92073244
6,1.75,0.0,0.96434724
6,1.75,0.25,0.96434724
6,1.75,0.5,0.96434724
6,1.75,0.75,0.96167207
6,1.75,1.0,0.95364654
6,1.75,1.25,0.9589969
6,1.75,1.5,0.95578706
6,1.75,1.75,0.94192934
6,1.75,2.0,0.90562165
6,2.0,0.0,0.93022346
6,2.0,0.25,0.93022346
6,2.0,0.5,0.93022346
6,2.0,0.75,0.9272629
6,2.0,1.0,0.91838104
6,2.0,1.25,0.9243023
6,2.0,1.5,0.92073244
6,2.0,1.75,0.90562165
6,2.0,2.0,0.8756863
7,0.0,0.0,0.78835905
7,0.0,0.25,0.7737121
7,0.0,0.5,0.777037
7,0.0,0.75,0.7253777
7,0.0,1.0,0.63841546
7,0.0,1.25,0.69124407
7,0.0,1.5,0.6186577
7,0.0,1.75,0.5752529
7,0.0,2.0,0.49190262
7,0.25,0.0,0.7737121
7,0.25,0.25,0.7897168
7,0.25,0.5,0.76358956
7,0.25,0.75,0.7098702
7,0.25,1.0,0.6432367
7,0.25,1.25,0.697556
7,0.25,1.5,0.61410815
7,0.25,1.75,0.5591834
7,0.25,2.0,0.4973369
7,0.5,0.0,0.777037
7,0.5,0.25,0.76358956
7,0.5,0.5,0.76725465
7,0.5,0.75,0.7171622
7,0.5,1.0,0.63233304
7,0.5,1.25,0.6845926
7,0.5,1.5,0.617673
7,0.5,1.75,0.57629305
7,0.5,2.0,0.49091193
7,0.75,0.0,0.7253777
7,0.75,0.25,0.7098703
7,0.75,0.5,0.7171622
7,0.75,0.75,0.68248415
7,0.75,1.0,0.60888404
7,0.75,1.25,0.65292037
7,0.75,1.5,0.5977175
7,0.75,1.75,0.5633622
7,0.75,2.0,0.4808954
7,1.0,0.0,0.63841546
7,1.0,0.25,0.6432367
7,1.0,0.5,0.63233304
7,1.0,0.75,0.60888404
7,1.0,1.0,0.58818483
7,1.0,1.25,0.60348725
7,1.0,1.5,0.5518703
7,1.0,1.75,0.50317925
7,1.0,2.0,0.45818394
7,1.25,0.0,0.6912441
7,1.25,0.25,0.697556
7,1.25,0.5,0.6845926
7,1.25,0.75,0.6529205
7,1.25,1.0,0.6034872
7,1.25,1.25,0.64385986
7,1.25,1.5,0.5841378
7,1.25,1.75,0.5417699
7,1.25,2.0,0.48040047
7,1.5,0.0,0.6186577
7,1.5,0.25,0.61410815
7,1.5,0.5,0.617673
7,1.5,0.75,0.5977175
7,1.5,1.0,0.55187035
7,1.5,1.25,0.5841378
7,1.5,1.5,0.56384325
7,1.5,1.75,0.536953
7,1.5,2.0,0.4579766
7,1.75,0.0,0.5752529
7,1.75,0.25,0.5591835
7,1.75,0.5,0.57629305
7,1.75,0.75,0.5633623
7,1.75,1.0,0.5031792
7,1.75,1.25,0.5417699
7,1.75,1.5,0.536953
7,1.75,1.75,0.5378085
7,1.75,2.0,0.44005975
7,2.0,0.0,0.49190262
7,2.0,0.25,0.49733692
7,2.0,0.5,0.490912
7,2.0,0.75,0.48089543
7,2.0,1.0,0.45818394
7,2.0,1.25,0.48040047
7,2.0,1.5,0.4579766
7,2.0,1.75,0.44005978
7,2.0,2.0,0.43720287
8,0.0,0.0,1.0
8,0.0,0.25,0.982532
8,0.0,0.5,0.94759595
8,0.0,0.75,0.8951921
8,0.0,1.0,0.895192
8,0.0,1.25,0.9217916
8,0.0,1.5,0.81302714
8,0.0,1.75,0.7780799
8,0.0,2.0,0.72180176
8,0.25,0.0,0.982532
8,0.25,0.25,0.9668108
8,0.25,0.5,0.93536836
8,0.25,0.75,0.8882049
8,0.25,1.0,0.8882048
8,0.25,1.25,0.9123315
8,0.25,1.5,0.8087944
8,0.25,1.75,0.7677451
8,0.25,2.0,0.7182683
8,0.5,0.0,0.94759595
8,0.5,0.25,0.9353685
8,0.5,0.5,0.9109132
8,0.5,0.75,0.8742305
8,0.5,1.0,0.8742305
8,0.5,1.25,0.8934114
8,0.5,1.5,0.80032885
8,0.5,1.75,0.7470753
8,0.5,2.0,0.7112014
8,0.75,0.0,0.895192
8,0.75,0.25,0.8882049
8,0.75,0.5,0.87423044
8,0.75,0.75,0.85326886
8,0.75,1.0,0.85326886
8,0.75,1.25,0.8650313
8,0.75,1.5,0.7876306
8,0.75,1.75,0.7160707
8,0.75,2.0,0.70060104
8,1.0,0.0,0.8951921
8,1.0,0.25,0.8882049
8,1.0,0.5,0.8742305
8,1.0,0.75,0.85326886
8,1.0,1.0,0.85326886
8,1.0,1.25,0.8650313
8,1.0,1.5,0.7876306
8,1.0,1.75,0.71607065
8,1.0,2.0,0.70060104
8,1.25,0.0,0.9217917
8,1.25,0.25,0.9123315
8,1.25,0.5,0.89341146
8,1.25,0.75,0.8650313
8,1.25,1.0,0.8650313
8,1.25,1.25,0.88053155
8,1.25,1.5,0.7951886
8,1.25,1.75,0.7312624
8,1.25,2.0,0.70704794
8,1.5,0.0,0.81302714
8,1.5,0.25,0.8087944
8,1.5,0.5,0.8003289
8,1.5,0.75,0.7876306
8,1.5,1.0,0.7876306
8,1.5,1.25,0.7951886
8,1.5,1.5,0.73762983
8,1.5,1.75,0.6598013
8,1.5,2.0,0.65192145
8,1.75,0.0,0.77808
8,1.75,0.25,0.7677451
8,1.75,0.5,0.7470753
8,1.75,0.75,0.71607065
8,1.75,1.0,0.7160707
8,1.75,1.25,0.7312624
8,1.75,1.5,0.65980124
8,1.75,1.75,0.6429825
8,1.75,2.0,0.60199386
8,2.0,0.0,0.72180176
8,2.0,0.25,0.7182683
8,2.0,0.5,0.7112014
8,2.0,0.75,0.70060104
8,2.0,1.0,0.70060104
8,2.0,1.25,0.70704794
8,2.0,1.5,0.65192145
8,2.0,1.75,0.60199386
8,2.0,2.0,0.6080082
9,0.0,0.0,1.0000001
9,0.0,0.25,1.0000001
9,0.0,0.5,1.0000001
9,0.0,0.75,1.0000001
9,0.0,1.0,0.9751722
9,0.0,1.25,1.0000001
9,0.0,1.5,1.0000001
9,0.0,1.75,0.9940166
9,0.0,2.0,0.8995151
9,0.25,0.0,1.0000001
9,0.25,0.25,1.0000001
9,0.25,0.5,1.0000001
9,0.25,0.75,1.0000001
9,0.25,1.0,0.9751722
9,0.25,1.25,1.0000001
9,0.25,1.5,1.0000001
9,0.25,1.75,0.9940166
9,0.25,2.0,0.8995151
9,0.5,0.0,1.0000001
9,0.5,0.25,1.0000001
9,0.5,0.5,1.0000001
9,0.5,0.75,1.0000001
9,0.5,1.0,0.9751722
9,0.5,1.25,1.0000001
9,0.5,1.5,1.0000001
9,0.5,1.75,0.9940166
9,0.5,2.0,0.8995151
9,0.75,0.0,1.0000001
9,0.75,0.25,1.0000001
9,0.75,0.5,1.0000001
9,0.75,0.75,1.0000001
9,0.75,1.0,0.9751722
9,0.75,1.25,1.0000001
9,0.75,1.5,1.0000001
9,0.75,1.75,0.9940166
9,0.75,2.0,0.8995151
9,1.0,0.0,0.9751721
9,1.0,0.25,0.9751721
9,1.0,0.5,0.9751721
9,1.0,0.75,0.9751721
9,1.0,1.0,0.9528271
9,1.0,1.25,0.9751721
9,1.0,1.5,0.9751721
9,1.0,1.75,0.9692731
9,1.0,2.0,0.8777834
9,1.25,0.0,1.0000001
9,1.25,0.25,1.0000001
9,1.25,0.5,1.0000001
9,1.25,0.75,1.0000001
9,1.25,1.0,0.9751722
9,1.25,1.25,1.0000001
9,1.25,1.5,1.0000001
9,1.25,1.75,0.9940166
9,1.25,2.0,0.8995151
9,1.5,0.0,1.0000001
9,1.5,0.25,1.0000001
9,1.5,0.5,1.0000001
9,1.5,0.75,1.0000001
9,1.5,1.0,0.9751722
9,1.5,1.25,1.0000001
9,1.5,1.5,1.0000001
9,1.5,1.75,0.9940166
9,1.5,2.0,0.8995151
9,1.75,0.0,0.9940166
9,1.75,0.25,0.9940166
9,1.75,0.5,0.9940166
9,1.75,0.75,0.9940166
9,1.75,1.0,0.9692731
9,1.75,1.25,0.9940166
9,1.75,1.5,0.9940166
9,1.75,1.75,0.9886418
9,1.75,2.0,0.8954184
9,2.0,0.0,0.899515
9,2.0,0.25,0.899515
9,2.0,0.5,0.899515
9,2.0,0.75,0.899515
9,2.0,1.0,0.87778336
9,2.0,1.25,0.899515
9,2.0,1.5,0.899515
9,2.0,1.75,0.8954184
9,2.0,2.0,0.8274849
10,0.0,0.0,1.0000001
10,0.0,0.25,1.0000001
10,0.0,0.5,0.9946831
10,0.0,0.75,0.9840489
10,0.0,1.0,0.9787319
10,0.0,1.25,0.9637972
10,0.0,1.5,0.96829206
10,0.0,1.75,0.953808
10,0.0,2.0,0.86193925
10,0.25,0.0,1.0000001
10,0.25,0.25,1.0000001
10,0.25,0.5,0.9946831
10,0.25,0.75,0.9840489
10,0.25,1.0,0.9787319
10,0.25,1.25,0.9637972
10,0.25,1.5,0.9682922
10,0.25,1.75,0.953808
10,0.25,2.0,0.86193925
10,0.5,0.0,0.9946831
10,0.5,0.25,0.9946831
10,0.5,0.5,0.98989767
10,0.5,0.75,0.980327
10,0.5,1.0,0.97554153
10,0.5,1.25,0.96109986
10,0.5,1.5,0.9651404
10,0.5,1.75,0.9518518
10,0.5,2.0,0.86096525
10,0.75,0.0,0.9840489
10,0.75,0.25,0.9840489
10,0.75,0.5,0.9803269
10,0.75,0.75,0.972883
10,0.75,1.0,0.9691611
10,0.75,1.25,0.9557051
10,0.75,1.5,0.9588368
10,0.75,1.75,0.94793963
10,0.75,2.0,0.8590172
10,1.0,0.0,0.9787319
10,1.0,0.25,0.9787319
10,1.0,0.5,0.97554153
10,1.0,0.75,0.9691611
10,1.0,1.0,0.96597075
10,1.0,1.25,0.9530078
10,1.0,1.5,0.95568514
10,1.0,1.75,0.9459834
10,1.0,2.0,0.8580432
10,1.25,0.0,0.96379733
10,1.25,0.25,0.96379733
10,1.25,0.5,0.96109986
10,1.25,0.75,0.9557051
10,1.25,1.0,0.95300776
10,1.25,1.25,0.9426504
10,1.25,1.5,0.9448648
10,1.25,1.75,0.93587893
10,1.25,2.0,0.8479353
10,1.5,0.0,0.96829206
10,1.5,0.25,0.96829206
10,1.5,0.5,0.9651404
10,1.5,0.75,0.9588369
10,1.5,1.0,0.95568514
10,1.5,1.25,0.9448648
10,1.5,1.5,0.94775176
10,1.5,1.75,0.9375965
10,1.5,2.0,0.8488704
10,1.75,0.0,0.9538079
10,1.75,0.25,0.9538079
10,1.75,0.5,0.9518518
10,1.75,0.75,0.9479395
10,1.75,1.0,0.9459834
10,1.75,1.25,0.93587893
10,1.75,1.5,0.93759656
10,1.75,1.75,0.93183595
10,1.75,2.0,0.8449566
10,2.0,0.0,0.8619392
10,2.0,0.25,0.8619392
10,2.0,0.5,0.86096513
10,2.0,0.75,0.8590172
10,2.0,1.0,0.8580432
10,2.0,1.25,0.8479353
10,2.0,1.5,0.8488704
10,2.0,1.75,0.8449566
10,2.0,2.0,0.7799497
11,0.0,0.0,0.99999994
11,0.0,0.25,0.99999994
11,0.0,0.5,0.99999994
11,0.0,0.75,0.99999994
11,0.0,1.0,0.99999994
11,0.0,1.25,0.99999994
11,0.0,1.5,0.99341047
11,0.0,1.75,0.9661533
11,0.0,2.0,0.95032823
11,0.25,0.0,0.99999994
11,0.25,0.25,0.99999994
11,0.25,0.5,0.99999994
11,0.25,0.75,0.99999994
11,0.25,1.0,0.99999994
11,0.25,1.25,0.99999994
11,0.25,1.5,0.99341047
11,0.25,1.75,0.9661533
11,0.25,2.0,0.95032823
11,0.5,0.0,0.99999994
11,0.5,0.25,0.99999994
11,0.5,0.5,0.99999994
11,0.5,0.75,0.99999994
11,0.5,1.0,0.99999994
11,0.5,1.25,0.99999994
11,0.5,1.5,0.99341047
11,0.5,1.75,0.9661533
11,0.5,2.0,0.95032823
11,0.75,0.0,0.99999994
11,0.75,0.25,0.99999994
11,0.75,0.5,0.99999994
11,0.75,0.75,0.99999994
11,0.75,1.0,0.99999994
11,0.75,1.25,0.99999994
11,0.75,1.5,0.99341047
11,0.75,1.75,0.9661533
11,0.75,2.0,0.95032823
11,1.0,0.0,0.99999994
11,1.0,0.25,0.99999994
11,1.0,0.5,0.99999994
11,1.0,0.75,0.99999994
11,1.0,1.0,0.99999994
11,1.0,1.25,0.99999994
11,1.0,1.5,0.99341047
11,1.0,1.75,0.9661533
11,1.0,2.0,0.95032823
11,1.25,0.0,0.99999994
11,1.25,0.25,0.99999994
11,1.25,0.5,0.99999994
11,1.25,0.75,0.99999994
11,1.25,1.0,0.99999994
11,1.25,1.25,0.99999994
11,1.25,1.5,0.99341047
11,1.25,1.75,0.9661533
11,1.25,2.0,0.95032823
11,1.5,0.0,0.99341047
11,1.5,0.25,0.99341047
11,1.5,0.5,0.99341047
11,1.5,0.75,0.99341047
11,1.5,1.0,0.99341047
11,1.5,1.25,0.99341047
11,1.5,1.5,0.98748
11,1.5,1.75,0.9611676
11,1.5,2.0,0.94527465
11,1.75,0.0,0.9661533
11,1.75,0.25,0.9661533
11,1.75,0.5,0.9661533
11,1.75,0.75,0.9661533
11,1.75,1.0,0.9661533
11,1.75,1.25,0.9661533
11,1.75,1.5,0.9611676
11,1.75,1.75,0.93815255
11,1.75,2.0,0.92169917
11,2.0,0.0,0.95032823
11,2.0,0.25,0.95032823
11,2.0,0.5,0.95032823
11,2.0,0.75,0.95032823
11,2.0,1.0,0.95032823
11,2.0,1.25,0.95032823
11,2.0,1.5,0.94527465
11,2.0,1.75,0.92169917
11,2.0,2.0,0.909353
12,0.0,0.0,0.9814284
12,0.0,0.25,0.93744326
12,0.0,0.5,0.91567904
12,0.0,0.75,0.86469007
12,0.0,1.0,0.93228257
12,0.0,1.25,0.92054003
12,0.0,1.5,0.8573181
12,0.0,1.75,0.84587866
12,0.0,2.0,0.86289304
12,0.25,0.0,0.93744326
12,0.25,0.25,0.9178943
12,0.25,0.5,0.89531815
12,0.25,0.75,0.85833466
12,0.25,1.0,0.9020807
12,0.25,1.25,0.88925624
12,0.25,1.5,0.8503273
12,0.25,1.75,0.82132286
12,0.25,2.0,0.8543206
12,0.5,0.0,0.9156789
12,0.5,0.25,0.89531815
12,0.5,0.5,0.87679136
12,0.5,0.75,0.8435015
12,0.5,1.0,0.8826981
12,0.5,1.25,0.8720227
12,0.5,1.5,0.8357323
12,0.5,1.75,0.8082504
12,0.5,2.0,0.8360086
12,0.75,0.0,0.86469007
12,0.75,0.25,0.85833466
12,0.75,0.5,0.8435015
12,0.75,0.75,0.82269746
12,0.75,1.0,0.8428931
12,0.75,1.25,0.8336969
12,0.75,1.5,0.8151585
12,0.75,1.75,0.77832323
12,0.75,2.0,0.8105167
12,1.0,0.0,0.93228257
12,1.0,0.25,0.9020807
12,1.0,0.5,0.8826981
12,1.0,0.75,0.8428931
12,1.0,1.0,0.8951872
12,1.0,1.25,0.8837444
12,1.0,1.5,0.8380326
12,1.0,1.75,0.8190101
12,1.0,2.0,0.8388473
12,1.25,0.0,0.92054003
12,1.25,0.25,0.8892563
12,1.25,0.5,0.8720227
12,1.25,0.75,0.8336969
12,1.25,1.0,0.8837444
12,1.25,1.25,0.873994
12,1.25,1.5,0.8282119
12,1.25,1.75,0.8106439
12,1.25,2.0,0.827885
12,1.5,0.0,0.85731816
12,1.5,0.25,0.8503273
12,1.5,0.5,0.8357323
12,1.5,0.75,0.81515855
12,1.5,1.0,0.8380326
12,1.5,1.25,0.8282119
12,1.5,1.5,0.8113332
12,1.5,1.75,0.7766365
12,1.5,2.0,0.8051494
12,1.75,0.0,0.8458786
12,1.75,0.25,0.82132286
12,1.75,0.5,0.8082504
12,1.75,0.75,0.77832323
12,1.75,1.0,0.8190101
12,1.75,1.25,0.8106439
12,1.75,1.5,0.7766366
12,1.75,1.75,0.7646855
12,1.75,2.0,0.7695047
12,2.0,0.0,0.862893
12,2.0,0.25,0.8543206
12,2.0,0.5,0.8360086
12,2.0,0.75,0.8105167
12,2.0,1.0,0.83884734
12,2.0,1.25,0.827885
12,2.0,1.5,0.8051494
12,2.0,1.75,0.7695047
12,2.0,2.0,0.8082312
13,0.0,0.0,1.0
13,0.0,0.25,1.0
13,0.0,0.5,0.98702925
13,0.0,0.75,0.9740585
13,0.0,1.0,0.96757317
13,0.0,1.25,0.9740585
13,0.0,1.5,0.9436074
13,0.0,1.75,0.944433
13,0.0,2.0,0.89803815
13,0.25,0.0,1.0
13,0.25,0.25,1.0
13,0.25,0.5,0.98702925
13,0.25,0.75,0.9740585
13,0.25,1.0,0.96757317
13,0.25,1.25,0.9740585
13,0.25,1.5,0.9436074
13,0.25,1.75,0.944433
13,0.25,2.0,0.89803815
13,0.5,0.0,0.98702925
13,0.5,0.25,0.98702925
13,0.5,0.5,0.9766527
13,0.5,0.75,0.9662761
13,0.5,1.0,0.9610878
13,0.5,1.25,0.9662761
13,0.5,1.5,0.9404512
13,0.5,1.75,0.9388515
13,0.5,2.0,0.89386564
13,0.75,0.0,0.9740585
13,0.75,0.25,0.9740585
13,0.75,0.5,0.9662761
13,0.75,0.75,0.95849365
13,0.75,1.0,0.9546024
13,0.75,1.25,0.95849365
13,0.75,1.5,0.9372949
13,0.75,1.75,0.9332701
13,0.75,2.0,0.8896933
13,1.0,0.0,0.96757317
13,1.0,0.25,0.96757317
13,1.0,0.5,0.9610878
13,1.0,0.75,0.9546024
13,1.0,1.0,0.9513597
13,1.0,1.25,0.9546024
13,1.0,1.5,0.93571687
13,1.0,1.75,0.9304794
13,1.0,2.0,0.88760704
13,1.25,0.0,0.9740585
13,1.25,0.25,0.9740585
13,1.25,0.5,0.9662761
13,1.25,0.75,0.95849365
13,1.25,1.0,0.9546024
13,1.25,1.25,0.95849365
13,1.25,1.5,0.9372949
13,1.25,1.75,0.9332701
13,1.25,2.0,0.8896933
13,1.5,0.0,0.9436074
13,1.5,0.25,0.9436074
13,1.5,0.5,0.9404512
13,1.5,0.75,0.9372949
13,1.5,1.0,0.9357168
13,1.5,1.25,0.9372949
13,1.5,1.5,0.9262505
13,1.5,1.75,0.9161243
13,1.5,2.0,0.87752867
13,1.75,0.0,0.9444329
13,1.75,0.25,0.9444329
13,1.75,0.5,0.9388515
13,1.75,0.75,0.9332701
13,1.75,1.0,0.93047935
13,1.75,1.25,0.9332701
13,1.75,1.5,0.9161243
13,1.75,1.75,0.91351295
13,1.75,2.0,0.87198013
13,2.0,0.0,0.8980381
13,2.0,0.25,0.8980381
13,2.0,0.5,0.89386564
13,2.0,0.75,0.88969314
13,2.0,1.0,0.887607
13,2.0,1.25,0.88969314
13,2.0,1.5,0.87752867
13,2.0,1.75,0.8719801
13,2.0,2.0,0.8416479
14,0.0,0.0,0.99999976
14,0.0,0.25,0.99999976
14,0.0,0.5,0.99999976
14,0.0,0.75,0.99999976
14,0.0,1.0,0.9866728
14,0.0,1.25,0.9608802
14,0.0,1.5,0.98696
14,0.0,1.75,0.95198685
14,0.0,2.0,0.90641356
14,0.25,0.0,0.9999997
14,0.25,0.25,0.9999997
14,0.25,0.5,0.9999997
14,0.25,0.75,0.99999976
14,0.25,1.0,0.9866728
14,0.25,1.25,0.9608801
14,0.25,1.5,0.9869598
14,0.25,1.75,0.95198685
14,0.25,2.0,0.90641356
14,0.5,0.0,0.9999997
14,0.5,0.25,0.9999997
14,0.5,0.5,0.9999997
14,0.5,0.75,0.9999997
14,0.5,1.0,0.9866728
14,0.5,1.25,0.9608801
14,0.5,1.5,0.98695993
14,0.5,1.75,0.95198685
14,0.5,2.0,0.90641356
14,0.75,0.0,0.9999998
14,0.75,0.25,0.9999998
14,0.75,0.5,0.9999998
14,0.75,0.75,0.9999998
14,0.75,1.0,0.9866729
14,0.75,1.25,0.9608802
14,0.75,1.5,0.98696
14,0.75,1.75,0.95198685
14,0.75,2.0,0.90641356
14,1.0,0.0,0.9866729
14,1.0,0.25,0.9866728
14,1.0,0.5,0.9866729
14,1.0,0.75,0.9866729
14,1.0,1.0,0.97472
14,1.0,1.25,0.95152724
14,1.0,1.5,0.9749577
14,1.0,1.75,0.9409923
14,1.0,2.0,0.90069574
14,1.25,0.0,0.9608801
14,1.25,0.25,0.9608801
14,1.25,0.5,0.9608801
14,1.25,0.75,0.9608802
14,1.25,1.0,0.95152724
14,1.25,1.25,0.9334964
14,1.25,1.5,0.95175225
14,1.25,1.75,0.9197757
14,1.25,2.0,0.8896523
14,1.5,0.0,0.98696
14,1.5,0.25,0.98696
14,1.5,0.5,0.98696
14,1.5,0.75,0.98696
14,1.5,1.0,0.9749577
14,1.5,1.25,0.9517523
14,1.5,1.5,0.97522414
14,1.5,1.75,0.94124985
14,1.5,2.0,0.9008266
14,1.75,0.0,0.95198685
14,1.75,0.25,0.9519868
14,1.75,0.5,0.95198685
14,1.75,0.75,0.95198685
14,1.75,1.0,0.9409922
14,1.75,1.25,0.9197757
14,1.75,1.5,0.9412498
14,1.75,1.75,0.9115426
14,1.75,2.0,0.8733518
14,2.0,0.0,0.90641373
14,2.0,0.25,0.9064137
14,2.0,0.5,0.90641373
14,2.0,0.75,0.90641373
14,2.0,1.0,0.9006958
14,2.0,1.25,0.88965243
14,2.0,1.5,0.9008266
14,2.0,1.75,0.8733519
14,2.0,2.0,0.858717
15,0.0,0.0,1.0000001
15,0.0,0.25,1.0000001
15,0.0,0.5,0.9984123
15,0.0,0.75,0.9905106
15,0.0,1.0,0.9688573
15,0.0,1.25,0.9819204
15,0.0,1.5,0.89275956
15,0.0,1.75,0.89994615
15,0.0,2.0,0.86619776
15,0.25,0.0,1.0000001
15,0.25,0.25,1.0000001
15,0.25,0.5,0.9984123
15,0.25,0.75,0.9905106
15,0.25,1.0,0.9688573
15,0.25,1.25,0.9819204
15,0.25,1.5,0.89275956
15,0.25,1.75,0.89994615
15,0.25,2.0,0.86619776
15,0.5,0.0,0.9984123
15,0.5,0.25,0.9984123
15,0.5,0.5,0.9971422
15,0.5,0.75,0.98986834
15,0.5,1.0,0.9687912
15,0.5,1.25,0.981169
15,0.5,1.5,0.892577
15,0.5,1.75,0.90115565
15,0.5,2.0,0.86686206
15,0.75,0.0,0.9905106
15,0.75,0.25,0.9905106
15,0.75,0.5,0.9898684
15,0.75,0.75,0.98416436
15,0.75,1.0,0.964346
15,0.75,1.25,0.9754167
15,0.75,1.5,0.88861746
15,0.75,1.75,0.9007771
15,0.75,2.0,0.86528397
15,1.0,0.0,0.9688573
15,1.0,0.25,0.9688573
15,1.0,0.5,0.96879107
15,1.0,0.75,0.964346
15,1.0,1.0,0.95084167
15,1.0,1.25,0.9574417
15,1.0,1.5,0.8726139
15,1.0,1.75,0.89590544
15,1.0,2.0,0.85315657
15,1.25,0.0,0.9819203
15,1.25,0.25,0.9819203
15,1.25,0.5,0.981169
15,1.25,0.75,0.9754167
15,1.25,1.0,0.9574416
15,1.25,1.25,0.96762866
15,1.25,1.5,0.88112825
15,1.25,1.75,0.8964306
15,1.25,2.0,0.85866046
15,1.5,0.0,0.8927594
15,1.5,0.25,0.8927594
15,1.5,0.5,0.89257693
15,1.5,0.75,0.8886174
15,1.5,1.0,0.87261385
15,1.5,1.25,0.88112825
15,1.5,1.5,0.8101039
15,1.5,1.75,0.82087564
15,1.5,2.0,0.7894224
15,1.75,0.0,0.89994615
15,1.75,0.25,0.89994615
15,1.75,0.5,0.90115565
15,1.75,0.75,0.9007771
15,1.75,1.0,0.89590544
15,1.75,1.25,0.8964307
15,1.75,1.5,0.8208757
15,1.75,1.75,0.862639
15,1.75,2.0,0.8105735
15,2.0,0.0,0.8661978
15,2.0,0.25,0.8661978
15,2.0,0.5,0.86686206
15,2.0,0.75,0.86528397
15,2.0,1.0,0.85315657
15,2.0,1.25,0.8586606
15,2.0,1.5,0.7894224
15,2.0,1.75,0.8105735
15,2.0,2.0,0.77886003
16,0.0,0.0,0.99999994
16,0.0,0.25,0.99999994
16,0.0,0.5,0.9120538
16,0.0,0.75,0.6282314
16,0.0,1.0,0.5995506
16,0.0,1.25,0.69722444
16,0.0,1.5,0.61334115
16,0.0,1.75,0.5852821
16,0.0,2.0,0.422857
16,0.25,0.0,0.99999994
16,0.25,0.25,1.0
16,0.25,0.5,0.9120538
16,0.25,0.75,0.6282314
16,0.25,1.0,0.5995506
16,0.25,1.25,0.69722444
16,0.25,1.5,0.61334115
16,0.25,1.75,0.5852821
16,0.25,2.0,0.422857
16,0.5,0.0,0.9120539
16,0.5,0.25,0.9120539
16,0.5,0.5,0.8465453
16,0.5,0.75,0.61664605
16,0.5,1.0,0.5820817
16,0.5,1.25,0.6651703
16,0.5,1.5,0.58475906
16,0.5,1.75,0.56433564
16,0.5,2.0,0.41206387
16,0.75,0.0,0.6282314
16,0.75,0.25,0.6282314
16,0.75,0.5,0.61664605
16,0.75,0.75,0.5408566
16,0.75,1.0,0.5072575
16,0.75,1.25,0.5421796
16,0.75,1.5,0.4837281
16,0.75,1.75,0.47660613
16,0.75,2.0,0.36949936
16,1.0,0.0,0.5995506
16,1.0,0.25,0.5995506
16,1.0,0.5,0.5820817
16,1.0,0.75,0.50725764
16,1.0,1.0,0.5317344
16,1.0,1.25,0.52162856
16,1.0,1.5,0.49202773
16,1.0,1.75,0.4535768
16,1.0,2.0,0.37184674
16,1.25,0.0,0.69722444
16,1.25,0.25,0.69722444
16,1.25,0.5,0.6651703
16,1.25,0.75,0.5421796
16,1.25,1.0,0.52162856
16,1.25,1.25,0.5657009
16,1.25,1.5,0.50563705
16,1.25,1.75,0.48886916
16,1.25,2.0,0.37804472
16,1.5,0.0,0.61334115
16,1.5,0.25,0.6133412
16,1.5,0.5,0.58475906
16,1.5,0.75,0.48372814
16,1.5,1.0,0.49202773
16,1.5,1.25,0.50563705
16,1.5,1.5,0.49530572
16,1.5,1.75,0.46091217
16,1.5,2.0,0.37701172
16,1.75,0.0,0.5852821
16,1.75,0.25,0.5852821
16,1.75,0.5,0.5643357
16,1.75,0.75,0.47660613
16,1.75,1.0,0.4535768
16,1.75,1.25,0.48886913
16,1.75,1.5,0.46091217
16,1.75,1.75,0.45886308
16,1.75,2.0,0.35969132
16,2.0,0.0,0.422857
16,2.0,0.25,0.422857
16,2.0,0.5,0.41206387
16,2.0,0.75,0.36949933
16,2.0,1.0,0.3718467
16,2.0,1.25,0.37804472
16,2.0,1.5,0.37701172
16,2.0,1.75,0.35969132
16,2.0,2.0,0.3205722
17,0.0,0.0,1.0
17,0.0,0.25,1.0
17,0.0,0.5,1.0
17,0.0,0.75,0.9996241
17,0.0,1.0,0.9992482
17,0.0,1.25,0.9945557
17,0.0,1.5,0.977883
17,0.0,1.75,0.9514757
17,0.0,2.0,0.9874083
17,0.25,0.0,1.0
17,0.25,0.25,1.0
17,0.25,0.5,1.0
17,0.25,0.75,0.9996241
17,0.25,1.0,0.9992482
17,0.25,1.25,0.99455565
17,0.25,1.5,0.977883
17,0.25,1.75,0.9514757
17,0.25,2.0,0.9874083
17,0.5,0.0,1.0
17,0.5,0.25,1.0
17,0.5,0.5,1.0
17,0.5,0.75,0.9996241
17,0.5,1.0,0.9992482
17,0.5,1.25,0.99455565
17,0.5,1.5,0.977883
17,0.5,1.75,0.9514757
17,0.5,2.0,0.9874083
17,0.75,0.0,0.9996241
17,0.75,0.25,0.9996241
17,0.75,0.5,0.9996241
17,0.75,0.75,0.9992859
17,0.75,1.0,0.99894744
17,0.75,1.25,0.99439436
17,0.75,1.5,0.977735
17,0.75,1.75,0.95128554
17,0.75,2.0,0.9872078
17,1.0,0.0,0.9992482
17,1.0,0.25,0.9992482
17,1.0,0.5,0.9992482
17,1.0,0.75,0.9989475
17,1.0,1.0,0.9986467
17,1.0,1.25,0.99423295
17,1.0,1.5,0.977587
17,1.0,1.75,0.9510954
17,1.0,2.0,0.9870073
17,1.25,0.0,0.9945557
17,1.25,0.25,0.9945557
17,1.25,0.5,0.9945557
17,1.25,0.75,0.99439436
17,1.25,1.0,0.99423295
17,1.25,1.25,0.99067307
17,1.25,1.5,0.97434074
17,1.25,1.75,0.94831145
17,1.25,2.0,0.98301774
17,1.5,0.0,0.977883
17,1.5,0.25,0.977883
17,1.5,0.5,0.977883
17,1.5,0.75,0.97773504
17,1.5,1.0,0.977587
17,1.5,1.25,0.9743408
17,1.5,1.5,0.9599079
17,1.5,1.75,0.93517077
17,1.5,2.0,0.96670514
17,1.75,0.0,0.9514757
17,1.75,0.25,0.9514756
17,1.75,0.5,0.9514756
17,1.75,0.75,0.95128554
17,1.75,1.0,0.9510954
17,1.75,1.25,0.9483114
17,1.75,1.5,0.93517077
17,1.75,1.75,0.9160126
17,1.75,2.0,0.9405194
17,2.0,0.0,0.9874083
17,2.0,0.25,0.9874083
17,2.0,0.5,0.9874083
17,2.0,0.75,0.9872078
17,2.0,1.0,0.9870073
17,2.0,1.25,0.9830178
17,2.0,1.5,0.9667051
17,2.0,1.75,0.9405194
17,2.0,2.0,0.9767273
18,0.0,0.0,0.99999994
18,0.0,0.25,0.99999994
18,0.0,0.5,0.9690547
18,0.0,0.75,0.98447573
18,0.0,1.0,0.9768168
18,0.0,1.25,0.9742371
18,0.0,1.5,0.9603891
18,0.0,1.75,0.9180502
18,0.0,2.0,0.83848363
18,0.25,0.0,0.99999994
18,0.25,0.25,0.99999994
18,0.25,0.5,0.9690547
18,0.25,0.75,0.98447573
18,0.25,1.0,0.9768168
18,0.25,1.25,0.9742371
18,0.25,1.5,0.9603891
18,0.25,1.75,0.9180502
18,0.25,2.0,0.83848363
18,0.5,0.0,0.9690547
18,0.5,0.25,0.9690547
18,0.5,0.5,0.95027816
18,0.5,0.75,0.9596601
18,0.5,1.0,0.9549755
18,0.5,1.25,0.95319974
18,0.5,1.5,0.9447525
18,0.5,1.75,0.90991503
18,0.5,2.0,0.8351654
18,0.75,0.0,0.98447573
18,0.75,0.25,0.98447573
18,0.75,0.5,0.9596601
18,0.75,0.75,0.97205645
18,0.75,1.0,0.9658697
18,0.75,1.25,0.9637182
18,0.75,1.5,0.95251435
18,0.75,1.75,0.91397554
18,0.75,2.0,0.83685
18,1.0,0.0,0.9768169
18,1.0,0.25,0.9768169
18,1.0,0.5,0.9549755
18,1.0,0.75,0.9658697
18,1.0,1.0,0.960449
18,1.0,1.25,0.95845914
18,1.0,1.5,0.9486899
18,1.0,1.75,0.9119524
18,1.0,2.0,0.8359822
18,1.25,0.0,0.9742371
18,1.25,0.25,0.9742371
18,1.25,0.5,0.95319974
18,1.25,0.75,0.9637182
18,1.25,1.0,0.95845914
18,1.25,1.25,0.9569288
18,1.25,1.5,0.94716996
18,1.25,1.75,0.91105914
18,1.25,2.0,0.83563584
18,1.5,0.0,0.9603892
18,1.5,0.25,0.9603892
18,1.5,0.5,0.9447525
18,1.5,0.75,0.9525144
18,1.5,1.0,0.9486899
18,1.5,1.25,0.94717
18,1.5,1.5,0.9405046
18,1.5,1.75,0.9079763
18,1.5,2.0,0.8340151
18,1.75,0.0,0.9180502
18,1.75,0.25,0.9180502
18,1.75,0.5,0.90991503
18,1.75,0.75,0.91397554
18,1.75,1.0,0.9119524
18,1.75,1.25,0.9110592
18,1.75,1.5,0.9079764
18,1.75,1.75,0.89050794
18,1.75,2.0,0.81575364
18,2.0,0.0,0.83848363
18,2.0,0.25,0.83848363
18,2.0,0.5,0.8351654
18,2.0,0.75,0.83685
18,2.0,1.0,0.83598226
18,2.0,1.25,0.8356358
18,2.0,1.5,0.83401495
18,2.0,1.75,0.81575364
18,2.0,2.0,0.7710002
19,0.0,0.0,1.0
19,0.0,0.25,1.0
19,0.0,0.5,0.963719
19,0.0,0.75,0.8801074
19,0.0,1.0,0.887606
19,0.0,1.25,0.8766449
19,0.0,1.5,0.9419693
19,0.0,1.75,0.868928
19,0.0,2.0,0.80863196
19,0.25,0.0,1.0
19,0.25,0.25,1.0
19,0.25,0.5,0.963719
19,0.25,0.75,0.8801074
19,0.25,1.0,0.887606
19,0.25,1.25,0.8766449
19,0.25,1.5,0.9419693
19,0.25,1.75,0.868928
19,0.25,2.0,0.80863196
19,0.5,0.0,0.9637191
19,0.5,0.25,0.9637191
19,0.5,0.5,0.94029593
19,0.5,0.75,0.88029665
19,0.5,1.0,0.8828038
19,0.5,1.25,0.87270784
19,0.5,1.5,0.92285943
19,0.5,1.75,0.85588104
19,0.5,2.0,0.80071425
19,0.75,0.0,0.8801074
19,0.75,0.25,0.8801074
19,0.75,0.5,0.88029665
19,0.75,0.75,0.8698738
19,0.75,1.0,0.8650582
19,0.75,1.25,0.8558237
19,0.75,1.5,0.8734831
19,0.75,1.75,0.82579666
19,0.75,2.0,0.77951354
19,1.0,0.0,0.88760597
19,1.0,0.25,0.88760597
19,1.0,0.5,0.8828038
19,1.0,0.75,0.8650581
19,1.0,1.0,0.8656309
19,1.0,1.25,0.8532448
19,1.0,1.5,0.87421435
19,1.0,1.75,0.8287709
19,1.0,2.0,0.7812082
19,1.25,0.0,0.8766449
19,1.25,0.25,0.8766449
19,1.25,0.5,0.87270784
19,1.25,0.75,0.8558236
19,1.25,1.0,0.8532448
19,1.25,1.25,0.8492465
19,1.25,1.5,0.86794126
19,1.25,1.75,0.8178668
19,1.25,2.0,0.77074265
19,1.5,0.0,0.9419693
19,1.5,0.25,0.9419693
19,1.5,0.5,0.92285943
19,1.5,0.75,0.8734831
19,1.5,1.0,0.87421435
19,1.5,1.25,0.8679412
19,1.5,1.5,0.91038764
19,1.5,1.75,0.8468159
19,1.5,2.0,0.7921851
19,1.75,0.0,0.8689281
19,1.75,0.25,0.8689281
19,1.75,0.5,0.85588104
19,1.75,0.75,0.8257967
19,1.75,1.0,0.8287709
19,1.75,1.25,0.8178668
19,1.75,1.5,0.8468159
19,1.75,1.75,0.81461823
19,1.75,2.0,0.76037985
19,2.0,0.0,0.8086319
19,2.0,0.25,0.8086319
19,2.0,0.5,0.80071425
19,2.0,0.75,0.77951354
19,2.0,1.0,0.7812082
19,2.0,1.25,0.77074265
19,2.0,1.5,0.79218507
19,2.0,1.75,0.7603798
19,2.0,2.0,0.72062165
20,0.0,0.0,1.0
20,0.0,0.25,1.0
20,0.0,0.5,0.9929518
20,0.0,0.75,0.9995218
20,0.0,1.0,0.9847722
20,0.0,1.25,0.9732623
20,0.0,1.5,0.9885353
20,0.0,1.75,0.97066396
20,0.0,2.0,0.85065097
20,0.25,0.0,1.0
20,0.25,0.25,1.0
20,0.25,0.5,0.9929518
20,0.25,0.75,0.9995218
20,0.25,1.0,0.9847722
20,0.25,1.25,0.9732623
20,0.25,1.5,0.9885353
20,0.25,1.75,0.97066396
20,0.25,2.0,0.85065097
20,0.5,0.0,0.99295187
20,0.5,0.25,0.99295187
20,0.5,0.5,0.9872606
20,0.5,0.75,0.992543
20,0.5,1.0,0.98011696
20,0.5,1.25,0.9694928
20,0.5,1.5,0.9831671
20,0.5,1.75,0.9665134
20,0.5,2.0,0.8463578
20,0.75,0.0,0.9995218
20,0.75,0.25,0.9995218
20,0.75,0.5,0.99254286
20,0.75,0.75,0.99913925
20,0.75,1.0,0.9845177
20,0.75,1.25,0.97283906
20,0.75,1.5,0.9881984
20,0.75,1.75,0.9703958
20,0.75,2.0,0.85013604
20,1.0,0.0,0.9847722
20,1.0,0.25,0.9847722
20,1.0,0.5,0.98011696
20,1.0,0.75,0.9845177
20,1.0,1.0,0.9746495
20,1.0,1.25,0.96485907
20,1.0,1.5,0.97710437
20,1.0,1.75,0.9614061
20,1.0,2.0,0.8418283
20,1.25,0.0,0.9732623
20,1.25,0.25,0.9732623
20,1.25,0.5,0.9694928
20,1.25,0.75,0.97283906
20,1.25,1.0,0.964859
20,1.25,1.25,0.95722795
20,1.25,1.5,0.9669554
20,1.25,1.75,0.95216405
20,1.25,2.0,0.83506316
20,1.5,0.0,0.9885353
20,1.5,0.25,0.9885353
20,1.5,0.5,0.98316705
20,1.5,0.75,0.98819834
20,1.5,1.0,0.97710437
20,1.5,1.25,0.9669554
20,1.5,1.5,0.979957
20,1.5,1.75,0.9636155
20,1.5,2.0,0.8442323
20,1.75,0.0,0.97066396
20,1.75,0.25,0.97066396
20,1.75,0.5,0.9665132
20,1.75,0.75,0.9703958
20,1.75,1.0,0.9614061
20,1.75,1.25,0.95216405
20,1.75,1.5,0.9636155
20,1.75,1.75,0.9496807
20,1.75,2.0,0.832438
20,2.0,0.0,0.85065097
20,2.0,0.25,0.85065097
20,2.0,0.5,0.8463579
20,2.0,0.75,0.85013604
20,2.0,1.0,0.8418284
20,2.0,1.25,0.83506316
20,2.0,1.5,0.8442324
20,2.0,1.75,0.83243805
20,2.0,2.0,0.7738097
21,0.0,0.0,0.87792397
21,0.0,0.25,0.8173481
21,0.0,0.5,0.79341316
21,0.0,0.75,0.7592491
21,0.0,1.0,0.7130582
21,0.0,1.25,0.7029161
21,0.0,1.5,0.6855908
21,0.0,1.75,0.69901156
21,0.0,2.0,0.67290634
21,0.25,0.0,0.8173481
21,0.25,0.25,0.7946865
21,0.25,0.5,0.7781947
21,0.25,0.75,0.7645245
21,0.25,1.0,0.7363393
21,0.25,1.25,0.71381617
21,0.25,1.5,0.70592195
21,0.25,1.75,0.69997144
21,0.25,2.0,0.69502014
21,0.5,0.0,0.7934131
21,0.5,0.25,0.7781947
21,0.5,0.5,0.7661223
21,0.5,0.75,0.7550033
21,0.5,1.0,0.7310257
21,0.5,1.25,0.7091739
21,0.5,1.5,0.7022357
21,0.5,1.75,0.69353133
21,0.5,2.0,0.691904
21,0.75,0.0,0.7592491
21,0.75,0.25,0.7645245
21,0.75,0.5,0.7550033
21,0.75,0.75,0.757554
21,0.75,1.0,0.7413131
21,0.75,1.25,0.7137439
21,0.75,1.5,0.71348906
21,0.75,1.75,0.6935182
21,0.75,2.0,0.7048152
21,1.0,0.0,0.7130582
21,1.0,0.25,0.7363393
21,1.0,0.5,0.7310257
21,1.0,0.75,0.74131304
21,1.0,1.0,0.74175906
21,1.0,1.25,0.7050242
21,1.0,1.5,0.7088438
21,1.0,1.75,0.6744925
21,1.0,2.0,0.6971378
21,1.25,0.0,0.7029161
21,1.25,0.25,0.7138162
21,1.25,0.5,0.7091739
21,1.25,0.75,0.7137438
21,1.25,1.0,0.7050241
21,1.25,1.25,0.6929912
21,1.25,1.5,0.69300616
21,1.25,1.75,0.66281056
21,1.25,2.0,0.680752
21,1.5,0.0,0.6855908
21,1.5,0.25,0.70592195
21,1.5,0.5,0.7022358
21,1.5,0.75,0.713489
21,1.5,1.0,0.7088438
21,1.5,1.25,0.69300616
21,1.5,1.5,0.699194
21,1.5,1.75,0.6601936
21,1.5,2.0,0.6853369
21,1.75,0.0,0.69901156
21,1.75,0.25,0.69997144
21,1.75,0.5,0.69353133
21,1.75,0.75,0.6935182
21,1.75,1.0,0.6744926
21,1.75,1.25,0.66281056
21,1.75,1.5,0.6601936
21,1.75,1.75,0.6531107
21,1.75,2.0,0.6570764
21,2.0,0.0,0.67290634
21,2.0,0.25,0.69502014
21,2.0,0.5,0.691904
21,2.0,0.75,0.7048152
21,2.0,1.0,0.6971378
21,2.0,1.25,0.68075186
21,2.0,1.5,0.6853369
21,2.0,1.75,0.65707636
21,2.0,2.0,0.6870845
22,0.0,0.0,1.0000001
22,0.0,0.25,1.0000001
22,0.0,0.5,1.0000001
22,0.0,0.75,0.9828268
22,0.0,1.0,0.9864981
22,0.0,1.25,0.9595749
22,0.0,1.5,0.92752534
22,0.0,1.75,0.8925148
22,0.0,2.0,0.83356047
22,0.25,0.0,1.0000001
22,0.25,0.25,1.0000001
22,0.25,0.5,1.0000001
22,0.25,0.75,0.9828268
22,0.25,1.0,0.9864981
22,0.25,1.25,0.9595749
22,0.25,1.5,0.92752534
22,0.25,1.75,0.8925148
22,0.25,2.0,0.83356047
22,0.5,0.0,1.0000001
22,0.5,0.25,1.0000001
22,0.5,0.5,1.0000001
22,0.5,0.75,0.9828268
22,0.5,1.0,0.9864981
22,0.5,1.25,0.9595749
22,0.5,1.5,0.92752534
22,0.5,1.75,0.8925148
22,0.5,2.0,0.83356047
22,0.75,0.0,0.9828268
22,0.75,0.25,0.9828268
22,0.75,0.5,0.9828268
22,0.75,0.75,0.9700418
22,0.75,1.0,0.97268564
22,0.75,1.25,0.9467615
22,0.75,1.5,0.9148279
22,0.75,1.75,0.8825379
22,0.75,2.0,0.83106804
22,1.0,0.0,0.9864981
22,1.0,0.25,0.9864981
22,1.0,0.5,0.9864981
22,1.0,0.75,0.9726857
22,1.0,1.0,0.97569656
22,1.0,1.25,0.94917136
22,1.0,1.5,0.91756713
22,1.0,1.75,0.8844177
22,1.0,2.0,0.83109146
22,1.25,0.0,0.9595749
22,1.25,0.25,0.9595749
22,1.25,0.5,0.9595749
22,1.25,0.75,0.9467615
22,1.25,1.0,0.94917136
22,1.25,1.25,0.9267996
22,1.25,1.5,0.8965411
22,1.25,1.75,0.86552167
22,1.25,2.0,0.8145796
22,1.5,0.0,0.92752534
22,1.5,0.25,0.92752534
22,1.5,0.5,0.92752534
22,1.5,0.75,0.9148279
22,1.5,1.0,0.91756713
22,1.5,1.25,0.8965411
22,1.5,1.5,0.87040955
22,1.5,1.75,0.8403511
22,1.5,2.0,0.78968567
22,1.75,0.0,0.8925148
22,1.75,0.25,0.8925148
22,1.75,0.5,0.8925148
22,1.75,0.75,0.88253784
22,1.75,1.0,0.8844177
22,1.75,1.25,0.8655218
22,1.75,1.5,0.8403511
22,1.75,1.75,0.81719804
22,1.75,2.0,0.7717165
22,2.0,0.0,0.8335604
22,2.0,0.25,0.8335604
22,2.0,0.5,0.8335604
22,2.0,0.75,0.831068
22,2.0,1.0,0.8310914
22,2.0,1.25,0.8145796
22,2.0,1.5,0.78968567
22,2.0,1.75,0.77171654
22,2.0,2.0,0.7482494
23,0.0,0.0,1.0000001
23,0.0,0.25,1.0000001
23,0.0,0.5,1.0000001
23,0.0,0.75,1.0000001
23,0.0,1.0,1.0000001
23,0.0,1.25,0.98517346
23,0.0,1.5,0.93563783
23,0.0,1.75,0.9576175
23,0.0,2.0,0.9058954
23,0.25,0.0,1.0000001
23,0.25,0.25,1.0000001
23,0.25,0.5,1.0000001
23,0.25,0.75,1.0000001
23,0.25,1.0,1.0000001
23,0.25,1.25,0.98517346
23,0.25,1.5,0.93563783
23,0.25,1.75,0.9576175
23,0.25,2.0,0.9058954
23,0.5,0.0,1.0000001
23,0.5,0.25,1.0000001
23,0.5,0.5,1.0000001
23,0.5,0.75,1.0000001
23,0.5,1.0,1.0000001
23,0.5,1.25,0.98517346
23,0.5,1.5,0.93563783
23,0.5,1.75,0.9576175
23,0.5,2.0,0.9058954
23,0.75,0.0,1.0000001
23,0.75,0.25,1.0000001
23,0.75,0.5,1.0000001
23,0.75,0.75,1.0000001
23,0.75,1.0,1.0000001
23,0.75,1.25,0.98517346
23,0.75,1.5,0.93563783
23,0.75,1.75,0.9576175
23,0.75,2.0,0.9058954
23,1.0,0.0,1.0000001
23,1.0,0.25,1.0000001
23,1.0,0.5,1.0000001
23,1.0,0.75,1.0000001
23,1.0,1.0,1.0000001
23,1.0,1.25,0.98517346
23,1.0,1.5,0.93563783
23,1.0,1.75,0.9576175
23,1.0,2.0,0.9058954
23,1.25,0.0,0.98517346
23,1.25,0.25,0.98517346
23,1.25,0.5,0.98517346
23,1.25,0.75,0.98517346
23,1.25,1.0,0.98517346
23,1.25,1.25,0.9728994
23,1.25,1.5,0.93094903
23,1.25,1.75,0.9492965
23,1.25,2.0,0.8986592
23,1.5,0.0,0.93563783
23,1.5,0.25,0.93563783
23,1.5,0.5,0.93563783
23,1.5,0.75,0.93563783
23,1.5,1.0,0.93563783
23,1.5,1.25,0.93094903
23,1.5,1.5,0.9153772
23,1.5,1.75,0.92071074
23,1.5,2.0,0.8741136
23,1.75,0.0,0.9576175
23,1.75,0.25,0.9576175
23,1.75,0.5,0.9576175
23,1.75,0.75,0.9576175
23,1.75,1.0,0.9576175
23,1.75,1.25,0.9492966
23,1.75,1.5,0.92071074
23,1.75,1.75,0.9330994
23,1.75,2.0,0.8838239
23,2.0,0.0,0.9058954
23,2.0,0.25,0.9058954
23,2.0,0.5,0.9058954
23,2.0,0.75,0.9058954
23,2.0,1.0,0.9058954
23,2.0,1.25,0.8986592
23,2.0,1.5,0.8741136
23,2.0,1.75,0.8838239
23,2.0,2.0,0.84208316
24,0.0,0.0,1.0000001
24,0.0,0.25,1.0000001
24,0.0,0.5,0.9779334
24,0.0,0.75,0.93818223
24,0.0,1.0,0.92169213
24,0.0,1.25,0.8827649
24,0.0,1.5,0.75970477
24,0.0,1.75,0.77391976
24,0.0,2.0,0.75169724
24,0.25,0.0,1.0000001
24,0.25,0.25,1.0000001
24,0.25,0.5,0.9779334
24,0.25,0.75,0.93818223
24,0.25,1.0,0.92169213
24,0.25,1.25,0.8827649
24,0.25,1.5,0.75970477
24,0.25,1.75,0.77391976
24,0.25,2.0,0.75169724
24,0.5,0.0,0.9779335
24,0.5,0.25,0.9779335
24,0.5,0.5,0.95807344
24,0.5,0.75,0.9201429
24,0.5,1.0,0.9044554
24,0.5,1.25,0.8675053
24,0.5,1.5,0.7595552
24,0.5,1.75,0.7693729
24,0.5,2.0,0.74015564
24,0.75,0.0,0.9381821
24,0.75,0.25,0.9381821
24,0.75,0.5,0.9201428
24,0.75,0.75,0.8906988
24,0.75,1.0,0.8739445
24,0.75,1.25,0.84218276
24,0.75,1.5,0.7419519
24,0.75,1.75,0.7493378
24,0.75,2.0,0.719126
24,1.0,0.0,0.92169213
24,1.0,0.25,0.92169213
24,1.0,0.5,0.9044554
24,1.0,0.75,0.87394446
24,1.0,1.0,0.8620545
24,1.0,1.25,0.83003503
24,1.0,1.5,0.7364296
24,1.0,1.75,0.7418063
24,1.0,2.0,0.71257585
24,1.25,0.0,0.8827648
24,1.25,0.25,0.8827648
24,1.25,0.5,0.86750525
24,1.25,0.75,0.84218276
24,1.25,1.0,0.830035
24,1.25,1.25,0.81410646
24,1.25,1.5,0.7267176
24,1.25,1.75,0.7296712
24,1.25,2.0,0.70217633
24,1.5,0.0,0.75970477
24,1.5,0.25,0.75970477
24,1.5,0.5,0.7595551
24,1.5,0.75,0.7419519
24,1.5,1.0,0.7364297
24,1.5,1.25,0.7267176
24,1.5,1.5,0.7522423
24,1.5,1.75,0.7202026
24,1.5,2.0,0.6377443
24,1.75,0.0,0.77391976
24,1.75,0.25,0.77391976
24,1.75,0.5,0.76937276
24,1.75,0.75,0.7493378
24,1.75,1.0,0.7418063
24,1.75,1.25,0.72967124
24,1.75,1.5,0.7202026
24,1.75,1.75,0.70562863
24,1.75,2.0,0.6370165
24,2.0,0.0,0.75169724
24,2.0,0.25,0.75169724
24,2.0,0.5,0.74015564
24,2.0,0.75,0.719126
24,2.0,1.0,0.71257585
24,2.0,1.25,0.70217633
24,2.0,1.5,0.6377443
24,2.0,1.75,0.6370165
24,2.0,2.0,0.6284845
25,0.0,0.0,0.9886275
25,0.0,0.25,0.9861003
25,0.0,0.5,0.98862755
25,0.0,0.75,0.98104596
25,0.0,1.0,0.9650955
25,0.0,1.25,0.9726065
25,0.0,1.5,0.9707711
25,0.0,1.75,0.9222084
25,0.0,2.0,0.9059697
25,0.25,0.0,0.9861003
25,0.25,0.25,0.983889
25,0.25,0.5,0.9861003
25,0.25,0.75,0.9794664
25,0.25,1.0,0.9647539
25,0.25,1.25,0.9717102
25,0.25,1.5,0.96980715
25,0.25,1.75,0.92213213
25,0.25,2.0,0.90515673
25,0.5,0.0,0.98862755
25,0.5,0.25,0.9861003
25,0.5,0.5,0.98862755
25,0.5,0.75,0.98104596
25,0.5,1.0,0.9650955
25,0.5,1.25,0.9726065
25,0.5,1.5,0.9707711
25,0.5,1.75,0.9222084
25,0.5,2.0,0.9059697
25,0.75,0.0,0.98104584
25,0.75,0.25,0.9794664
25,0.75,0.5,0.98104596
25,0.75,0.75,0.97630745
25,0.75,1.0,0.96407074
25,0.75,1.25,0.9699178
25,0.75,1.5,0.9678792
25,0.75,1.75,0.92197955
25,0.75,2.0,0.9035306
25,1.0,0.0,0.96509546
25,1.0,0.25,0.96475387
25,1.0,0.5,0.96509546
25,1.0,0.75,0.96407074
25,1.0,1.0,0.9579744
25,1.0,1.25,0.9601997
25,1.0,1.5,0.95804685
25,1.0,1.75,0.91768146
25,1.0,2.0,0.8957565
25,1.25,0.0,0.9726065
25,1.25,0.25,0.9717102
25,1.25,0.5,0.9726065
25,1.25,0.75,0.96991765
25,1.25,1.0,0.9601997
25,1.25,1.25,0.9653461
25,1.25,1.5,0.9628006
25,1.25,1.75,0.91898054
25,1.25,2.0,0.8995547
25,1.5,0.0,0.970771
25,1.5,0.25,0.96980715
25,1.5,0.5,0.9707711
25,1.5,0.75,0.9678792
25,1.5,1.0,0.95804685
25,1.5,1.25,0.9628006
25,1.5,1.5,0.9612007
25,1.5,1.75,0.9168661
25,1.5,2.0,0.8973043
25,1.75,0.0,0.9222083
25,1.75,0.25,0.92213213
25,1.75,0.5,0.9222084
25,1.75,0.75,0.92197955
25,1.75,1.0,0.91768146
25,1.75,1.25,0.91898054
25,1.75,1.5,0.9168661
25,1.75,1.75,0.8844144
25,1.75,2.0,0.8620906
25,2.0,0.0,0.9059697
25,2.0,0.25,0.9051566
25,2.0,0.5,0.9059697
25,2.0,0.75,0.9035306
25,2.0,1.0,0.8957565
25,2.0,1.25,0.8995547
25,2.0,1.5,0.8973043
25,2.0,1.75,0.8620906
25,2.0,2.0,0.8497529
26,0.0,0.0,0.99999976
26,0.0,0.25,0.99999976
26,0.0,0.5,0.99999976
26,0.0,0.75,0.99999976
26,0.0,1.0,0.9761758
26,0.0,1.25,0.99999976
26,0.0,1.5,0.9540149
26,0.0,1.75,0.9982436
26,0.0,2.0,0.9421261
26,0.25,0.0,0.99999976
26,0.25,0.25,0.99999976
26,0.25,0.5,0.99999976
26,0.25,0.75,0.99999976
26,0.25,1.0,0.9761758
26,0.25,1.25,0.99999976
26,0.25,1.5,0.9540149
26,0.25,1.75,0.9982436
26,0.25,2.0,0.9421261
26,0.5,0.0,0.99999976
26,0.5,0.25,0.99999976
26,0.5,0.5,0.99999976
26,0.5,0.75,0.99999976
26,0.5,1.0,0.9761758
26,0.5,1.25,0.99999976
26,0.5,1.5,0.9540149
26,0.5,1.75,0.9982436
26,0.5,2.0,0.9421261
26,0.75,0.0,0.99999976
26,0.75,0.25,0.99999976
26,0.75,0.5,0.99999976
26,0.75,0.75,0.99999976
26,0.75,1.0,0.9761758
26,0.75,1.25,0.99999976
26,0.75,1.5,0.9540149
26,0.75,1.75,0.9982436
26,0.75,2.0,0.9421261
26,1.0,0.0,0.9761758
26,1.0,0.25,0.9761758
26,1.0,0.5,0.9761758
26,1.0,0.75,0.9761758
26,1.0,1.0,0.9547342
26,1.0,1.25,0.9761758
26,1.0,1.5,0.93444854
26,1.0,1.75,0.97473085
26,1.0,2.0,0.9238129
26,1.25,0.0,0.99999976
26,1.25,0.25,0.99999976
26,1.25,0.5,0.99999976
26,1.25,0.75,0.99999976
26,1.25,1.0,0.9761758
26,1.25,1.25,0.99999976
26,1.25,1.5,0.9540149
26,1.25,1.75,0.9982436
26,1.25,2.0,0.9421261
26,1.5,0.0,0.9540149
26,1.5,0.25,0.9540149
26,1.5,0.5,0.9540149
26,1.5,0.75,0.9540149
26,1.5,1.0,0.93444854
26,1.5,1.25,0.9540149
26,1.5,1.5,0.9163789
26,1.5,1.75,0.9528879
26,1.5,2.0,0.9058554
26,1.75,0.0,0.9982436
26,1.75,0.25,0.9982436
26,1.75,0.5,0.9982436
26,1.75,0.75,0.9982436
26,1.75,1.0,0.97473085
26,1.75,1.25,0.9982436
26,1.75,1.5,0.9528879
26,1.75,1.75,0.9968387
26,1.75,2.0,0.9412413
26,2.0,0.0,0.94212615
26,2.0,0.25,0.94212615
26,2.0,0.5,0.94212615
26,2.0,0.75,0.94212615
26,2.0,1.0,0.9238129
26,2.0,1.25,0.94212615
26,2.0,1.5,0.9058554
26,2.0,1.75,0.9412412
26,2.0,2.0,0.8982403
27,0.0,0.0,1.0000001
27,0.0,0.25,1.0000001
27,0.0,0.5,1.0000001
27,0.0,0.75,1.0000001
27,0.0,1.0,0.94976884
27,0.0,1.25,0.95386124
27,0.0,1.5,0.9309848
27,0.0,1.75,0.9371245
27,0.0,2.0,0.7336331
27,0.25,0.0,1.0000001
27,0.25,0.25,1.0000001
27,0.25,0.5,1.0000001
27,0.25,0.75,1.0000001
27,0.25,1.0,0.94976884
27,0.25,1.25,0.95386124
27,0.25,1.5,0.9309848
27,0.25,1.75,0.9371245
27,0.25,2.0,0.7336331
27,0.5,0.0,1.0000001
27,0.5,0.25,1.0000001
27,0.5,0.5,1.0000001
27,0.5,0.75,1.0000001
27,0.5,1.0,0.94976884
27,0.5,1.25,0.95386124
27,0.5,1.5,0.9309848
27,0.5,1.75,0.9371245
27,0.5,2.0,0.7336331
27,0.75,0.0,1.0000001
27,0.75,0.25,1.0000001
27,0.75,0.5,1.0000001
27,0.75,0.75,1.0000001
27,0.75,1.0,0.94976884
27,0.75,1.25,0.95386124
27,0.75,1.5,0.9309848
27,0.75,1.75,0.9371245
27,0.75,2.0,0.7336331
27,1.0,0.0,0.94976884
27,1.0,0.25,0.94976884
27,1.0,0.5,0.94976884
27,1.0,0.75,0.94976884
27,1.0,1.0,0.9124081
27,1.0,1.25,0.9136618
27,1.0,1.5,0.89637405
27,1.0,1.75,0.9003731
27,1.0,2.0,0.7080883
27,1.25,0.0,0.95386124
27,1.25,0.25,0.95386124
27,1.25,0.5,0.95386124
27,1.25,0.75,0.95386124
27,1.25,1.0,0.9136618
27,1.25,1.25,0.9188867
27,1.25,1.5,0.899492
27,1.25,1.75,0.90228945
27,1.25,2.0,0.7079007
27,1.5,0.0,0.9309848
27,1.5,0.25,0.9309848
27,1.5,0.5,0.9309848
27,1.5,0.75,0.9309848
27,1.5,1.0,0.89637405
27,1.5,1.25,0.8994921
27,1.5,1.5,0.88554764
27,1.5,1.75,0.8824307
27,1.5,2.0,0.69468904
27,1.75,0.0,0.93712443
27,1.75,0.25,0.93712443
27,1.75,0.5,0.93712443
27,1.75,0.75,0.93712443
27,1.75,1.0,0.9003731
27,1.75,1.25,0.9022895
27,1.75,1.5,0.8824307
27,1.75,1.75,0.89375967
27,1.75,2.0,0.7030978
27,2.0,0.0,0.7336331
27,2.0,0.25,0.7336331
27,2.0,0.5,0.7336331
27,2.0,0.75,0.7336331
27,2.0,1.0,0.7080883
27,2.0,1.25,0.7079007
27,2.0,1.5,0.69468904
27,2.0,1.75,0.7030978
27,2.0,2.0,0.59398633
28,0.0,0.0,1.0000001
28,0.0,0.25,0.9557364
28,0.0,0.5,0.9336046
28,0.0,0.75,0.8542094
28,0.0,1.0,0.76876944
28,0.0,1.25,0.771969
28,0.0,1.5,0.786772
28,0.0,1.75,0.7067028
28,0.0,2.0,0.70826066
28,0.25,0.0,0.9557364
28,0.25,0.25,0.9291782
28,0.25,0.5,0.9158991
28,0.25,0.75,0.82166
28,0.25,1.0,0.7647477
28,0.25,1.25,0.7572752
28,0.25,1.5,0.7905812
28,0.25,1.75,0.6855997
28,0.25,2.0,0.6837555
28,0.5,0.0,0.9336046
28,0.5,0.25,0.9158991
28,0.5,0.5,0.9070464
28,0.5,0.75,0.8053853
28,0.5,1.0,0.7627368
28,0.5,1.25,0.74992836
28,0.5,1.5,0.79248583
28,0.5,1.75,0.67504805
28,0.5,2.0,0.6715028
28,0.75,0.0,0.8542094
28,0.75,0.25,0.82166
28,0.75,0.5,0.8053853
28,0.75,0.75,0.7492189
28,0.75,1.0,0.6784796
28,0.75,1.25,0.68266433
28,0.75,1.5,0.69246805
28,0.75,1.75,0.62232125
28,0.75,2.0,0.6263646
28,1.0,0.0,0.76876944
28,1.0,0.25,0.7647477
28,1.0,0.5,0.7627368
28,1.0,0.75,0.6784796
28,1.0,1.0,0.66735953
28,1.0,1.25,0.65114653
28,1.0,1.5,0.6884259
28,1.0,1.75,0.5923119
28,1.0,2.0,0.58690023
28,1.25,0.0,0.771969
28,1.25,0.25,0.7572752
28,1.25,0.5,0.74992836
28,1.25,0.75,0.68266433
28,1.25,1.0,0.65114653
28,1.25,1.25,0.64533705
28,1.25,1.5,0.666774
28,1.25,1.75,0.58999586
28,1.25,2.0,0.5873196
28,1.5,0.0,0.786772
28,1.5,0.25,0.7905812
28,1.5,0.5,0.79248583
28,1.5,0.75,0.6924679
28,1.5,1.0,0.6884259
28,1.5,1.25,0.666774
28,1.5,1.5,0.72671324
28,1.5,1.75,0.6002323
28,1.5,2.0,0.5958441
28,1.75,0.0,0.7067027
28,1.75,0.25,0.6855997
28,1.75,0.5,0.6750481
28,1.75,0.75,0.6223213
28,1.75,1.0,0.5923119
28,1.75,1.25,0.58999586
28,1.75,1.5,0.6002323
28,1.75,1.75,0.56556964
28,1.75,2.0,0.55890447
28,2.0,0.0,0.70826066
28,2.0,0.25,0.6837555
28,2.0,0.5,0.6715028
28,2.0,0.75,0.6263646
28,2.0,1.0,0.58690023
28,2.0,1.25,0.5873197
28,2.0,1.5,0.5958441
28,2.0,1.75,0.5589045
28,2.0,2.0,0.5699581
29,0.0,0.0,0.96037483
29,0.0,0.25,0.967919
29,0.0,0.5,0.95358014
29,0.0,0.75,0.92955154
29,0.0,1.0,0.9215592
29,0.0,1.25,0.8979227
29,0.0,1.5,0.88649523
29,0.0,1.75,0.86014175
29,0.0,2.0,0.7732719
29,0.25,0.0,0.96791893
29,0.25,0.25,0.98370814
29,0.25,0.5,0.957258
29,0.25,0.75,0.92379075
29,0.25,1.0,0.91863203
29,0.25,1.25,0.88974136
29,0.25,1.5,0.8780496
29,0.25,1.75,0.84406006
29,0.25,2.0,0.7668951
29,0.5,0.0,0.95358014
29,0.5,0.25,0.957258
29,0.5,0.5,0.9493113
29,0.5,0.75,0.9301044
29,0.5,1.0,0.9216826
29,0.5,1.25,0.90021837
29,0.5,1.5,0.8904737
29,0.5,1.75,0.86660975
29,0.5,2.0,0.7759424
29,0.75,0.0,0.9295516
29,0.75,0.25,0.9237907
29,0.75,0.5,0.9301044
29,0.75,0.75,0.9237128
29,0.75,1.0,0.91331834
29,0.75,1.25,0.90004534
29,0.75,1.5,0.89190185
29,0.75,1.75,0.8780185
29,0.75,2.0,0.77779317
29,1.0,0.0,0.92155915
29,1.0,0.25,0.91863203
29,1.0,0.5,0.92168254
29,1.0,0.75,0.91331834
29,1.0,1.0,0.90547717
29,1.0,1.25,0.8911188
29,1.0,1.5,0.88497573
29,1.0,1.75,0.8678401
29,1.0,2.0,0.7725102
29,1.25,0.0,0.8979226
29,1.25,0.25,0.88974136
29,1.25,0.5,0.90021825
29,1.25,0.75,0.90004534
29,1.25,1.0,0.8911188
29,1.25,1.25,0.88347715
29,1.25,1.5,0.8772572
29,1.25,1.75,0.8678438
29,1.25,2.0,0.7682338
29,1.5,0.0,0.88649523
29,1.5,0.25,0.8780497
29,1.5,0.5,0.8904737
29,1.5,0.75,0.89190185
29,1.5,1.0,0.8849757
29,1.5,1.25,0.8772572
29,1.5,1.5,0.87534934
29,1.5,1.75,0.8640628
29,1.5,2.0,0.7662277
29,1.75,0.0,0.86014175
29,1.75,0.25,0.84406006
29,1.75,0.5,0.86660975
29,1.75,0.75,0.8780185
29,1.75,1.0,0.86784005
29,1.75,1.25,0.8678438
29,1.75,1.5,0.8640628
29,1.75,1.75,0.86498743
29,1.75,2.0,0.7596198
29,2.0,0.0,0.7732719
29,2.0,0.25,0.7668951
29,2.0,0.5,0.7759423
29,2.0,0.75,0.77779317
29,2.0,1.0,0.7725102
29,2.0,1.25,0.7682338
29,2.0,1.5,0.7662277
29,2.0,1.75,0.7596198
29,2.0,2.0,0.70049727
30,0.0,0.0,0.9712939
30,0.0,0.25,0.96339834
30,0.0,0.5,0.9547476
30,0.0,0.75,0.95338076
30,0.0,1.0,0.942804
30,0.0,1.25,0.9444855
30,0.0,1.5,0.932917
30,0.0,1.75,0.93294036
30,0.0,2.0,0.82662535
30,0.25,0.0,0.96339834
30,0.25,0.25,0.9611032
30,0.25,0.5,0.9544011
30,0.25,0.75,0.95438445
30,0.25,1.0,0.9380788
30,0.25,1.25,0.94614166
30,0.25,1.5,0.93502855
30,0.25,1.75,0.93268555
30,0.25,2.0,0.8285332
30,0.5,0.0,0.9547476
30,0.5,0.25,0.9544011
30,0.5,0.5,0.9503359
30,0.5,0.75,0.95061094
30,0.5,1.0,0.9339896
30,0.5,1.25,0.942888
30,0.5,1.5,0.93450576
30,0.5,1.75,0.9291156
30,0.5,2.0,0.82933104
30,0.75,0.0,0.95338064
30,0.75,0.25,0.95438445
30,0.75,0.5,0.95061105
30,0.75,0.75,0.9512279
30,0.75,1.0,0.93307257
30,0.75,1.25,0.9436356
30,0.75,1.5,0.9351292
30,0.75,1.75,0.92937064
30,0.75,2.0,0.8297789
30,1.0,0.0,0.942804
30,1.0,0.25,0.93807894
30,1.0,0.5,0.93398947
30,1.0,0.75,0.93307257
30,1.0,1.0,0.92595273
30,1.0,1.25,0.9273327
30,1.0,1.5,0.9208185
30,1.0,1.75,0.91851974
30,1.0,2.0,0.8179553
30,1.25,0.0,0.9444854
30,1.25,0.25,0.9461416
30,1.25,0.5,0.942888
30,1.25,0.75,0.9436356
30,1.25,1.0,0.92733276
30,1.25,1.25,0.9377722
30,1.25,1.5,0.92953086
30,1.25,1.75,0.92487067
30,1.25,2.0,0.82515454
30,1.5,0.0,0.932917
30,1.5,0.25,0.93502855
30,1.5,0.5,0.93450576
30,1.5,0.75,0.93512917
30,1.5,1.0,0.9208183
30,1.5,1.25,0.9295309
30,1.5,1.5,0.9253376
30,1.5,1.75,0.917715
30,1.5,2.0,0.8229185
30,1.75,0.0,0.93294036
30,1.75,0.25,0.93268555
30,1.75,0.5,0.92911565
30,1.75,0.75,0.92937064
30,1.75,1.0,0.91851974
30,1.75,1.25,0.92487067
30,1.75,1.5,0.91771513
30,1.75,1.75,0.91679883
30,1.75,2.0,0.814231
30,2.0,0.0,0.8266253
30,2.0,0.25,0.8285332
30,2.0,0.5,0.82933104
30,2.0,0.75,0.8297789
30,2.0,1.0,0.8179553
30,2.0,1.25,0.82515454
30,2.0,1.5,0.82291853
30,2.0,1.75,0.814231
30,2.0,2.0,0.7533748
31,0.0,0.0,0.99999994
31,0.0,0.25,0.99999994
31,0.0,0.5,0.993078
31,0.0,0.75,0.9357122
31,0.0,1.0,0.85575986
31,0.0,1.25,0.86701995
31,0.0,1.5,0.80680066
31,0.0,1.75,0.7373579
31,0.0,2.0,0.6404552
31,0.25,0.0,0.99999994
31,0.25,0.25,0.99999994
31,0.25,0.5,0.993078
31,0.25,0.75,0.9357122
31,0.25,1.0,0.85575986
31,0.25,1.25,0.86701995
31,0.25,1.5,0.80680066
31,0.25,1.75,0.7373579
31,0.25,2.0,0.6404552
31,0.5,0.0,0.993078
31,0.5,0.25,0.993078
31,0.5,0.5,0.9868483
31,0.5,0.75,0.93164384
31,0.5,1.0,0.8521835
31,0.5,1.25,0.8648215
31,0.5,1.5,0.80311835
31,0.5,1.75,0.7350098
31,0.5,2.0,0.63839763
31,0.75,0.0,0.9357122
31,0.75,0.25,0.9357122
31,0.75,0.5,0.93164384
31,0.75,0.75,0.89031464
31,0.75,1.0,0.8156288
31,0.75,1.25,0.830862
31,0.75,1.5,0.76807874
31,0.75,1.75,0.71490395
31,0.75,2.0,0.6200264
31,1.0,0.0,0.85575986
31,1.0,0.25,0.85575986
31,1.0,0.5,0.8521835
31,1.0,0.75,0.8156288
31,1.0,1.0,0.7761978
31,1.0,1.25,0.77465284
31,1.0,1.5,0.7245469
31,1.0,1.75,0.6717606
31,1.0,2.0,0.5742986
31,1.25,0.0,0.86701995
31,1.25,0.25,0.86701995
31,1.25,0.5,0.86482155
31,1.25,0.75,0.830862
31,1.25,1.0,0.77465284
31,1.25,1.25,0.7954402
31,1.25,1.5,0.729792
31,1.25,1.75,0.6847652
31,1.25,2.0,0.5901274
31,1.5,0.0,0.80680066
31,1.5,0.25,0.80680066
31,1.5,0.5,0.8031183
31,1.5,0.75,0.7680787
31,1.5,1.0,0.7245469
31,1.5,1.25,0.72979194
31,1.5,1.5,0.68912965
31,1.5,1.75,0.6367784
31,1.5,2.0,0.5529621
31,1.75,0.0,0.73735803
31,1.75,0.25,0.73735803
31,1.75,0.5,0.7350098
31,1.75,0.75,0.7149039
31,1.75,1.0,0.6717606
31,1.75,1.25,0.6847652
31,1.75,1.5,0.6367785
31,1.75,1.75,0.6266532
31,1.75,2.0,0.52940667
31,2.0,0.0,0.6404552
31,2.0,0.25,0.6404552
31,2.0,0.5,0.6383976
31,2.0,0.75,0.6200264
31,2.0,1.0,0.5742986
31,2.0,1.25,0.5901274
31,2.0,1.5,0.5529621
31,2.0,1.75,0.5294066
31,2.0,2.0,0.50417346
32,0.0,0.0,0.8818094
32,0.0,0.25,0.833805
32,0.0,0.5,0.88014543
32,0.0,0.75,0.7324057
32,0.0,1.0,0.75083315
32,0.0,1.25,0.7711662
32,0.0,1.5,0.73924184
32,0.0,1.75,0.63710994
32,0.0,2.0,0.64601976
32,0.25,0.0,0.8338049
32,0.25,0.25,0.8064084
32,0.25,0.5,0.83304083
32,0.25,0.75,0.74098134
32,0.25,1.0,0.7523146
32,0.25,1.25,0.76306516
32,0.25,1.5,0.738649
32,0.25,1.75,0.6497226
32,0.25,2.0,0.6523967
32,0.5,0.0,0.8801453
32,0.5,0.25,0.83304083
32,0.5,0.5,0.8795569
32,0.5,0.75,0.7339441
32,0.5,1.0,0.75340164
32,0.5,1.25,0.7726155
32,0.5,1.5,0.74163526
32,0.5,1.75,0.6385739
32,0.5,2.0,0.6481001
32,0.75,0.0,0.7324058
32,0.75,0.25,0.74098134
32,0.75,0.5,0.7339441
32,0.75,0.75,0.7432943
32,0.75,1.0,0.7411329
32,0.75,1.25,0.73525465
32,0.75,1.5,0.7273931
32,0.75,1.75,0.6631894
32,0.75,2.0,0.6603044
32,1.0,0.0,0.7508332
32,1.0,0.25,0.7523146
32,1.0,0.5,0.7534017
32,1.0,0.75,0.7411328
32,1.0,1.0,0.74487907
32,1.0,1.25,0.7405304
32,1.0,1.5,0.72962004
32,1.0,1.75,0.6593181
32,1.0,2.0,0.6565702
32,1.25,0.0,0.77116615
32,1.25,0.25,0.76306516
32,1.25,0.5,0.7726156
32,1.25,0.75,0.73525465
32,1.25,1.0,0.7405303
32,1.25,1.25,0.7419407
32,1.25,1.5,0.72738165
32,1.25,1.75,0.6514621
32,1.25,2.0,0.65244603
32,1.5,0.0,0.73924196
32,1.5,0.25,0.738649
32,1.5,0.5,0.7416352
32,1.5,0.75,0.7273931
32,1.5,1.0,0.72962016
32,1.5,1.25,0.72738177
32,1.5,1.5,0.7182974
32,1.5,1.75,0.6477849
32,1.5,2.0,0.65073377
32,1.75,0.0,0.63710994
32,1.75,0.25,0.6497225
32,1.75,0.5,0.6385739
32,1.75,0.75,0.6631894
32,1.75,1.0,0.6593181
32,1.75,1.25,0.6514621
32,1.75,1.5,0.6477849
32,1.75,1.75,0.6091928
32,1.75,2.0,0.59813666
32,2.0,0.0,0.64601976
32,2.0,0.25,0.6523967
32,2.0,0.5,0.6481001
32,2.0,0.75,0.6603044
32,2.0,1.0,0.6565702
32,2.0,1.25,0.65244603
32,2.0,1.5,0.65073377
32,2.0,1.75,0.59813666
32,2.0,2.0,0.6064196
33,0.0,0.0,0.91721433
33,0.0,0.25,0.9026405
33,0.0,0.5,0.91087645
33,0.0,0.75,0.86995345
33,0.0,1.0,0.86598617
33,0.0,1.25,0.8788693
33,0.0,1.5,0.8405632
33,0.0,1.75,0.8267963
33,0.0,2.0,0.84879375
33,0.25,0.0,0.9026405
33,0.25,0.25,0.8914424
33,0.25,0.5,0.90174896
33,0.25,0.75,0.8622387
33,0.25,1.0,0.8602636
33,0.25,1.25,0.870219
33,0.25,1.5,0.8368055
33,0.25,1.75,0.823636
33,0.25,2.0,0.84499496
33,0.5,0.0,0.91087645
33,0.5,0.25,0.90174896
33,0.5,0.5,0.9335147
33,0.5,0.75,0.879749
33,0.5,1.0,0.8697822
33,0.5,1.25,0.8832753
33,0.5,1.5,0.8542993
33,0.5,1.75,0.8456093
33,0.5,2.0,0.8633821
33,0.75,0.0,0.86995345
33,0.75,0.25,0.86223865
33,0.75,0.5,0.879749
33,0.75,0.75,0.84324706
33,0.75,1.0,0.83694845
33,0.75,1.25,0.8464659
33,0.75,1.5,0.82159305
33,0.75,1.75,0.8107654
33,0.75,2.0,0.8291545
33,1.0,0.0,0.86598617
33,1.0,0.25,0.8602636
33,1.0,0.5,0.8697822
33,1.0,0.75,0.8369486
33,1.0,1.0,0.8432979
33,1.0,1.25,0.84611124
33,1.0,1.5,0.8210909
33,1.0,1.75,0.80985504
33,1.0,2.0,0.82886785
33,1.25,0.0,0.8788693
33,1.25,0.25,0.870219
33,1.25,0.5,0.8832753
33,1.25,0.75,0.8464659
33,1.25,1.0,0.84611124
33,1.25,1.25,0.8538502
33,1.25,1.5,0.8257344
33,1.25,1.75,0.81463957
33,1.25,2.0,0.83345145
33,1.5,0.0,0.8405632
33,1.5,0.25,0.8368054
33,1.5,0.5,0.8542993
33,1.5,0.75,0.82159305
33,1.5,1.0,0.82109076
33,1.5,1.25,0.8257345
33,1.5,1.5,0.8072692
33,1.5,1.75,0.7978207
33,1.5,2.0,0.81395876
33,1.75,0.0,0.8267963
33,1.75,0.25,0.823636
33,1.75,0.5,0.8456093
33,1.75,0.75,0.8107654
33,1.75,1.0,0.8098551
33,1.75,1.25,0.81463957
33,1.75,1.5,0.7978207
33,1.75,1.75,0.79194796
33,1.75,2.0,0.8047049
33,2.0,0.0,0.8487938
33,2.0,0.25,0.844995
33,2.0,0.5,0.86338204
33,2.0,0.75,0.82915443
33,2.0,1.0,0.8288678
33,2.0,1.25,0.8334514
33,2.0,1.5,0.81395876
33,2.0,1.75,0.80470484
33,2.0,2.0,0.8219125
34,0.0,0.0,1.0
34,0.0,0.25,1.0
34,0.0,0.5,0.9953722
34,0.0,0.75,0.95864165
34,0.0,1.0,0.9706334
34,0.0,1.25,0.97632927
34,0.0,1.5,0.9328275
34,0.0,1.75,0.96707183
34,0.0,2.0,0.90229124
34,0.25,0.0,1.0
34,0.25,0.25,1.0
34,0.25,0.5,0.9953722
34,0.25,0.75,0.95864165
34,0.25,1.0,0.9706334
34,0.25,1.25,0.97632927
34,0.25,1.5,0.9328275
34,0.25,1.75,0.96707183
34,0.25,2.0,0.90229124
34,0.5,0.0,0.9953722
34,0.5,0.25,0.9953722
34,0.5,0.5,0.9912071
34,0.5,0.75,0.955879
34,0.5,1.0,0.96755964
34,0.5,1.25,0.9739855
34,0.5,1.5,0.93147445
34,0.5,1.75,0.9641502
34,0.5,2.0,0.9002517
34,0.75,0.0,0.9586416
34,0.75,0.25,0.9586416
34,0.75,0.5,0.955879
34,0.75,0.75,0.92802155
34,0.75,1.0,0.9366806
34,0.75,1.25,0.9454384
34,0.75,1.5,0.90721834
34,0.75,1.75,0.93536085
34,0.75,2.0,0.87806183
34,1.0,0.0,0.9706334
34,1.0,0.25,0.9706334
34,1.0,0.5,0.96755964
34,1.0,0.75,0.9366806
34,1.0,1.0,0.94951075
34,1.0,1.25,0.9560373
34,1.0,1.5,0.9164932
34,1.0,1.75,0.94625014
34,1.0,2.0,0.8855957
34,1.25,0.0,0.97632927
34,1.25,0.25,0.97632927
34,1.25,0.5,0.9739855
34,1.25,0.75,0.9454383
34,1.25,1.0,0.95603734
34,1.25,1.25,0.96588445
34,1.25,1.5,0.92629987
34,1.25,1.75,0.9544446
34,1.25,2.0,0.89494306
34,1.5,0.0,0.9328275
34,1.5,0.25,0.9328275
34,1.5,0.5,0.9314744
34,1.5,0.75,0.9072184
34,1.5,1.0,0.91649306
34,1.5,1.25,0.92629987
34,1.5,1.5,0.89346606
34,1.5,1.75,0.91458356
34,1.5,2.0,0.860532
34,1.75,0.0,0.96707183
34,1.75,0.25,0.96707183
34,1.75,0.5,0.9641502
34,1.75,0.75,0.93536085
34,1.75,1.0,0.94625014
34,1.75,1.25,0.9544446
34,1.75,1.5,0.91458356
34,1.75,1.75,0.9456882
34,1.75,2.0,0.88701606
34,2.0,0.0,0.9022912
34,2.0,0.25,0.9022912
34,2.0,0.5,0.9002516
34,2.0,0.75,0.87806183
34,2.0,1.0,0.8855957
34,2.0,1.25,0.89494306
34,2.0,1.5,0.86053205
34,2.0,1.75,0.887016
34,2.0,2.0,0.8414754
35,0.0,0.0,0.99999994
35,0.0,0.25,0.9998477
35,0.0,0.5,0.9997716
35,0.0,0.75,0.9752107
35,0.0,1.0,0.95998895
35,0.0,1.25,0.96280235
35,0.0,1.5,0.89428514
35,0.0,1.75,0.9270694
35,0.0,2.0,0.8713774
35,0.25,0.0,0.9998477
35,0.25,0.25,0.99972594
35,0.25,0.5,0.9996651
35,0.25,0.75,0.9751239
35,0.25,1.0,0.9599646
35,0.25,1.25,0.96276116
35,0.25,1.5,0.89430344
35,0.25,1.75,0.927029
35,0.25,2.0,0.8715271
35,0.5,0.0,0.9997716
35,0.5,0.25,0.9996651
35,0.5,0.5,0.9996118
35,0.5,0.75,0.97508043
35,0.5,1.0,0.9599525
35,0.5,1.25,0.96274054
35,0.5,1.5,0.8943127
35,0.5,1.75,0.9270088
35,0.5,2.0,0.871602
35,0.75,0.0,0.9752107
35,0.75,0.25,0.9751238
35,0.75,0.5,0.97508043
35,0.75,0.75,0.9538939
35,0.75,1.0,0.9389703
35,0.75,1.25,0.94150543
35,0.75,1.5,0.87810916
35,0.75,1.75,0.91139525
35,0.75,2.0,0.8589398
35,1.0,0.0,0.95998895
35,1.0,0.25,0.9599646
35,1.0,0.5,0.9599525
35,1.0,0.75,0.9389703
35,1.0,1.0,0.9283452
35,1.0,1.25,0.92722106
35,1.0,1.5,0.8686978
35,1.0,1.75,0.8986795
35,1.0,2.0,0.8464328
35,1.25,0.0,0.96280235
35,1.25,0.25,0.9627612
35,1.25,0.5,0.96274054
35,1.25,0.75,0.9415055
35,1.25,1.0,0.9272211
35,1.25,1.25,0.93134385
35,1.25,1.5,0.8653439
35,1.25,1.75,0.89863795
35,1.25,2.0,0.8483293
35,1.5,0.0,0.89428514
35,1.5,0.25,0.8943034
35,1.5,0.5,0.8943126
35,1.5,0.75,0.87810916
35,1.5,1.0,0.8686978
35,1.5,1.25,0.86534387
35,1.5,1.5,0.8243078
35,1.5,1.75,0.8470903
35,1.5,2.0,0.8028216
35,1.75,0.0,0.9270693
35,1.75,0.25,0.927029
35,1.75,0.5,0.9270088
35,1.75,0.75,0.91139525
35,1.75,1.0,0.8986795
35,1.75,1.25,0.898638
35,1.75,1.5,0.8470903
35,1.75,1.75,0.88065386
35,1.75,2.0,0.831095
35,2.0,0.0,0.8713774
35,2.0,0.25,0.8715271
35,2.0,0.5,0.871602
35,2.0,0.75,0.8589398
35,2.0,1.0,0.8464328
35,2.0,1.25,0.8483293
35,2.0,1.5,0.8028216
35,2.0,1.75,0.8310949
35,2.0,2.0,0.7981617
36,0.0,0.0,1.0
36,0.0,0.25,0.9839313
36,0.0,0.5,0.9521967
36,0.0,0.75,0.9518105
36,0.0,1.0,0.8928357
36,0.0,1.25,0.8999445
36,0.0,1.5,0.86392945
36,0.0,1.75,0.81647056
36,0.0,2.0,0.7022261
36,0.25,0.0,0.9839312
36,0.25,0.25,0.97318953
36,0.25,0.5,0.95083475
36,0.25,0.75,0.9490411
36,0.25,1.0,0.89458543
36,0.25,1.25,0.90661484
36,0.25,1.5,0.8645989
36,0.25,1.75,0.81792283
36,0.25,2.0,0.70805895
36,0.5,0.0,0.9521967
36,0.5,0.25,0.9508348
36,0.5,0.5,0.94557524
36,0.5,0.75,0.94087774
36,0.5,1.0,0.8950754
36,0.5,1.25,0.91633993
36,0.5,1.5,0.8624054
36,0.5,1.75,0.8193481
36,0.5,2.0,0.7173495
36,0.75,0.0,0.9518105
36,0.75,0.25,0.94904107
36,0.75,0.5,0.94087774
36,0.75,0.75,0.93829024
36,0.75,1.0,0.8940309
36,0.75,1.25,0.9136208
36,0.75,1.5,0.864079
36,0.75,1.75,0.8197302
36,0.75,2.0,0.7156876
36,1.0,0.0,0.8928356
36,1.0,0.25,0.89458543
36,1.0,0.5,0.8950754
36,1.0,0.75,0.8940309
36,1.0,1.0,0.8669619
36,1.0,1.25,0.8865618
36,1.0,1.5,0.8410611
36,1.0,1.75,0.8048466
36,1.0,2.0,0.70317996
36,1.25,0.0,0.89994437
36,1.25,0.25,0.9066148
36,1.25,0.5,0.91633993
36,1.25,0.75,0.9136208
36,1.25,1.0,0.88656175
36,1.25,1.25,0.9162353
36,1.25,1.5,0.8573148
36,1.25,1.75,0.82087356
36,1.25,2.0,0.722706
36,1.5,0.0,0.86392945
36,1.5,0.25,0.8645989
36,1.5,0.5,0.8624054
36,1.5,0.75,0.864079
36,1.5,1.0,0.8410611
36,1.5,1.25,0.85731477
36,1.5,1.5,0.82293373
36,1.5,1.75,0.78463453
36,1.5,2.0,0.6815979
36,1.75,0.0,0.81647056
36,1.75,0.25,0.81792283
36,1.75,0.5,0.81934816
36,1.75,0.75,0.81973016
36,1.75,1.0,0.8048466
36,1.75,1.25,0.82087356
36,1.75,1.5,0.78463453
36,1.75,1.75,0.7635296
36,1.75,2.0,0.6602745
36,2.0,0.0,0.7022261
36,2.0,0.25,0.708059
36,2.0,0.5,0.7173495
36,2.0,0.75,0.7156875
36,2.0,1.0,0.70317996
36,2.0,1.25,0.7227061
36,2.0,1.5,0.68159795
36,2.0,1.75,0.6602745
36,2.0,2.0,0.60195845
37,0.0,0.0,1.0
37,0.0,0.25,1.0
37,0.0,0.5,1.0
37,0.0,0.75,1.0
37,0.0,1.0,0.95167524
37,0.0,1.25,0.9525582
37,0.0,1.5,0.9815225
37,0.0,1.75,0.8803035
37,0.0,2.0,0.8209029
37,0.25,0.0,1.0
37,0.25,0.25,1.0
37,0.25,0.5,1.0
37,0.25,0.75,1.0
37,0.25,1.0,0.95167524
37,0.25,1.25,0.9525582
37,0.25,1.5,0.9815225
37,0.25,1.75,0.8803035
37,0.25,2.0,0.8209029
37,0.5,0.0,1.0
37,0.5,0.25,1.0
37,0.5,0.5,1.0
37,0.5,0.75,1.0
37,0.5,1.0,0.95167524
37,0.5,1.25,0.9525582
37,0.5,1.5,0.9815225
37,0.5,1.75,0.8803035
37,0.5,2.0,0.8209029
37,0.75,0.0,1.0
37,0.75,0.25,1.0
37,0.75,0.5,1.0
37,0.75,0.75,1.0
37,0.75,1.0,0.95167524
37,0.75,1.25,0.9525582
37,0.75,1.5,0.9815225
37,0.75,1.75,0.8803035
37,0.75,2.0,0.8209029
37,1.0,0.0,0.95167524
37,1.0,0.25,0.95167524
37,1.0,0.5,0.95167524
37,1.0,0.75,0.95167524
37,1.0,1.0,0.91029006
37,1.0,1.25,0.9098551
37,1.0,1.5,0.93570954
37,1.0,1.75,0.8449987
37,1.0,2.0,0.79194254
37,1.25,0.0,0.9525583
37,1.25,0.25,0.9525583
37,1.25,0.5,0.9525583
37,1.25,0.75,0.9525583
37,1.25,1.0,0.9098552
37,1.25,1.25,0.91087973
37,1.25,1.5,0.9363332
37,1.25,1.75,0.84332174
37,1.25,2.0,0.7907121
37,1.5,0.0,0.9815225
37,1.5,0.25,0.9815225
37,1.5,0.5,0.9815225
37,1.5,0.75,0.9815225
37,1.5,1.0,0.93570954
37,1.5,1.25,0.9363332
37,1.5,1.5,0.96480554
37,1.5,1.75,0.86793345
37,1.5,2.0,0.81027484
37,1.75,0.0,0.8803035
37,1.75,0.25,0.8803035
37,1.75,0.5,0.8803035
37,1.75,0.75,0.8803035
37,1.75,1.0,0.8449986
37,1.75,1.25,0.8433217
37,1.75,1.5,0.86793345
37,1.75,1.75,0.8050637
37,1.75,2.0,0.74641156
37,2.0,0.0,0.82090294
37,2.0,0.25,0.82090294
37,2.0,0.5,0.82090294
37,2.0,0.75,0.82090294
37,2.0,1.0,0.7919424
37,2.0,1.25,0.7907121
37,2.0,1.5,0.81027484
37,2.0,1.75,0.74641156
37,2.0,2.0,0.7086345
38,0.0,0.0,1.0000001
38,0.0,0.25,1.0000001
38,0.0,0.5,0.903569
38,0.0,0.75,0.8865288
38,0.0,1.0,0.8403946
38,0.0,1.25,0.8939844
38,0.0,1.5,0.80605936
38,0.0,1.75,0.8933177
38,0.0,2.0,0.7473891
38,0.25,0.0,1.0000001
38,0.25,0.25,1.0000001
38,0.25,0.5,0.903569
38,0.25,0.75,0.8865288
38,0.25,1.0,0.8403947
38,0.25,1.25,0.8939844
38,0.25,1.5,0.80605936
38,0.25,1.75,0.8933178
38,0.25,2.0,0.7473891
38,0.5,0.0,0.90356886
38,0.5,0.25,0.903569
38,0.5,0.5,0.8662256
38,0.5,0.75,0.85904086
38,0.5,1.0,0.83319396
38,0.5,1.25,0.86522794
38,0.5,1.5,0.8210319
38,0.5,1.75,0.8718312
38,0.5,2.0,0.74545777
38,0.75,0.0,0.8865288
38,0.75,0.25,0.8865288
38,0.75,0.5,0.8590409
38,0.75,0.75,0.8535743
38,0.75,1.0,0.8310387
38,0.75,1.25,0.85945076
38,0.75,1.5,0.8226419
38,0.75,1.75,0.8670625
38,0.75,2.0,0.744696
38,1.0,0.0,0.84039474
38,1.0,0.25,0.84039474
38,1.0,0.5,0.8331939
38,1.0,0.75,0.83103883
38,1.0,1.0,0.81761557
38,1.0,1.25,0.83750856
38,1.0,1.5,0.8170917
38,1.0,1.75,0.84894925
38,1.0,2.0,0.7341189
38,1.25,0.0,0.8939844
38,1.25,0.25,0.8939844
38,1.25,0.5,0.86522794
38,1.25,0.75,0.8594507
38,1.25,1.0,0.83750856
38,1.25,1.25,0.8676579
38,1.25,1.5,0.82881683
38,1.25,1.75,0.8750221
38,1.25,2.0,0.7512588
38,1.5,0.0,0.80605924
38,1.5,0.25,0.80605924
38,1.5,0.5,0.82103187
38,1.5,0.75,0.8226419
38,1.5,1.0,0.8170917
38,1.5,1.25,0.82881683
38,1.5,1.5,0.8255152
38,1.5,1.75,0.84361887
38,1.5,2.0,0.7357358
38,1.75,0.0,0.8933178
38,1.75,0.25,0.8933178
38,1.75,0.5,0.8718311
38,1.75,0.75,0.8670625
38,1.75,1.0,0.84894925
38,1.75,1.25,0.8750221
38,1.75,1.5,0.84361887
38,1.75,1.75,0.8877136
38,1.75,2.0,0.7597812
38,2.0,0.0,0.7473891
38,2.0,0.25,0.7473891
38,2.0,0.5,0.7454577
38,2.0,0.75,0.744696
38,2.0,1.0,0.73411894
38,2.0,1.25,0.7512588
38,2.0,1.5,0.7357358
38,2.0,1.75,0.7597812
38,2.0,2.0,0.6848909
39,0.0,0.0,1.0
39,0.0,0.25,0.96432114
39,0.0,0.5,0.9863895
39,0.0,0.75,0.9378561
39,0.0,1.0,0.80882156
39,0.0,1.25,0.68733823
39,0.0,1.5,0.724612
39,0.0,1.75,0.8466857
39,0.0,2.0,0.70347726
39,0.25,0.0,0.96432114
39,0.25,0.25,0.93221015
39,0.25,0.5,0.95242006
39,0.25,0.75,0.90802526
39,0.25,1.0,0.79240096
39,0.25,1.25,0.6803705
39,0.25,1.5,0.7123719
39,0.25,1.75,0.8243077
39,0.25,2.0,0.69145185
39,0.5,0.0,0.98638964
39,0.5,0.25,0.9524201
39,0.5,0.5,0.97414017
39,0.5,0.75,0.9274472
39,0.5,1.0,0.80730605
39,0.5,1.25,0.6888185
39,0.5,1.5,0.7232614
39,0.5,1.75,0.8399397
39,0.5,2.0,0.70372146
39,0.75,0.0,0.9378561
39,0.75,0.25,0.90802526
39,0.75,0.5,0.9274472
39,0.75,0.75,0.8878877
39,0.75,1.0,0.78231466
39,0.75,1.25,0.67949325
39,0.75,1.5,0.70767665
39,0.75,1.75,0.8089653
39,0.75,2.0,0.68647873
39,1.0,0.0,0.80882156
39,1.0,0.25,0.7924009
39,1.0,0.5,0.80730605
39,1.0,0.75,0.7823146
39,1.0,1.0,0.7412134
39,1.0,1.25,0.6657141
39,1.0,1.5,0.67177874
39,1.0,1.75,0.7345679
39,1.0,2.0,0.6586203
39,1.25,0.0,0.68733823
39,1.25,0.25,0.6803705
39,1.25,0.5,0.6888185
39,1.25,0.75,0.6794932
39,1.25,1.0,0.6657141
39,1.25,1.25,0.62896997
39,1.25,1.5,0.6220043
39,1.25,1.75,0.6514907
39,1.25,2.0,0.6027161
39,1.5,0.0,0.724612
39,1.5,0.25,0.7123719
39,1.5,0.5,0.7232614
39,1.5,0.75,0.70767665
39,1.5,1.0,0.67177874
39,1.5,1.25,0.6220043
39,1.5,1.5,0.63178664
39,1.5,1.75,0.66906255
39,1.5,2.0,0.6067497
39,1.75,0.0,0.84668565
39,1.75,0.25,0.8243076
39,1.75,0.5,0.8399397
39,1.75,0.75,0.8089652
39,1.75,1.0,0.73456794
39,1.75,1.25,0.6514906
39,1.75,1.5,0.66906255
39,1.75,1.75,0.7506022
39,1.75,2.0,0.6478955
39,2.0,0.0,0.7034773
39,2.0,0.25,0.69145185
39,2.0,0.5,0.70372146
39,2.0,0.75,0.68647873
39,2.0,1.0,0.6586203
39,2.0,1.25,0.60271615
39,2.0,1.5,0.6067497
39,2.0,1.75,0.6478955
39,2.0,2.0,0.60406965
40,0.0,0.0,0.9722634
40,0.0,0.25,0.9312986
40,0.0,0.5,0.83678985
40,0.0,0.75,0.8300117
40,0.0,1.0,0.77390444
40,0.0,1.25,0.75565505
40,0.0,1.5,0.75137544
40,0.0,1.75,0.73469526
40,0.0,2.0,0.5939691
40,0.25,0.0,0.9312987
40,0.25,0.25,0.9040767
40,0.25,0.5,0.8240928
40,0.25,0.75,0.822769
40,0.25,1.0,0.7769844
40,0.25,1.25,0.76465696
40,0.25,1.5,0.75217545
40,0.25,1.75,0.73564446
40,0.25,2.0,0.5953243
40,0.5,0.0,0.8367898
40,0.5,0.25,0.8240927
40,0.5,0.5,0.7758836
40,0.5,0.75,0.77835053
40,0.5,1.0,0.75175893
40,0.5,1.25,0.7356399
40,0.5,1.5,0.7246229
40,0.5,1.75,0.7090895
40,0.5,2.0,0.5731331
40,0.75,0.0,0.83001167
40,0.75,0.25,0.822769
40,0.75,0.5,0.77835053
40,0.75,0.75,0.79261935
40,0.75,1.0,0.76713043
40,0.75,1.25,0.74359405
40,0.75,1.5,0.7342662
40,0.75,1.75,0.7212393
40,0.75,2.0,0.5872227
40,1.0,0.0,0.7739043
40,1.0,0.25,0.7769844
40,1.0,0.5,0.7517589
40,1.0,0.75,0.7671305
40,1.0,1.0,0.7559085
40,1.0,1.25,0.73116666
40,1.0,1.5,0.7202917
40,1.0,1.75,0.70867157
40,1.0,2.0,0.57376254
40,1.25,0.0,0.75565505
40,1.25,0.25,0.76465696
40,1.25,0.5,0.7356399
40,1.25,0.75,0.74359405
40,1.25,1.0,0.73116666
40,1.25,1.25,0.74051416
40,1.25,1.5,0.7072078
40,1.25,1.75,0.691149
40,1.25,2.0,0.56102204
40,1.5,0.0,0.75137544
40,1.5,0.25,0.75217545
40,1.5,0.5,0.7246229
40,1.5,0.75,0.7342662
40,1.5,1.0,0.72029173
40,1.5,1.25,0.7072078
40,1.5,1.5,0.6968346
40,1.5,1.75,0.680878
40,1.5,2.0,0.5510212
40,1.75,0.0,0.7346952
40,1.75,0.25,0.73564446
40,1.75,0.5,0.70908946
40,1.75,0.75,0.7212393
40,1.75,1.0,0.70867157
40,1.75,1.25,0.691149
40,1.75,1.5,0.680878
40,1.75,1.75,0.6766717
40,1.75,2.0,0.541231
40,2.0,0.0,0.5939691
40,2.0,0.25,0.5953243
40,2.0,0.5,0.5731331
40,2.0,0.75,0.5872227
40,2.0,1.0,0.57376254
40,2.0,1.25,0.56102204
40,2.0,1.5,0.5510212
40,2.0,1.75,0.541231
40,2.0,2.0,0.4888939
41,0.0,0.0,0.9300133
41,0.0,0.25,0.9300133
41,0.0,0.5,0.91738105
41,0.0,0.75,0.89499855
41,0.0,1.0,0.8503201
41,0.0,1.25,0.870794
41,0.0,1.5,0.8275549
41,0.0,1.75,0.858653
41,0.0,2.0,0.7529545
41,0.25,0.0,0.9300133
41,0.25,0.25,0.9300133
41,0.25,0.5,0.91738105
41,0.25,0.75,0.89499855
41,0.25,1.0,0.8503202
41,0.25,1.25,0.870794
41,0.25,1.5,0.8275549
41,0.25,1.75,0.85865295
41,0.25,2.0,0.7529545
41,0.5,0.0,0.917381
41,0.5,0.25,0.917381
41,0.5,0.5,0.90765375
41,0.5,0.75,0.88694155
41,0.5,1.0,0.8466589
41,0.5,1.25,0.86715156
41,0.5,1.5,0.8232205
41,0.5,1.75,0.8563851
41,0.5,2.0,0.75498575
41,0.75,0.0,0.89499855
41,0.75,0.25,0.89499855
41,0.75,0.5,0.88694155
41,0.75,0.75,0.8752978
41,0.75,1.0,0.8470917
41,0.75,1.25,0.8464943
41,0.75,1.5,0.81970793
41,0.75,1.75,0.83898133
41,0.75,2.0,0.753116
41,1.0,0.0,0.8503202
41,1.0,0.25,0.8503202
41,1.0,0.5,0.84665895
41,1.0,0.75,0.8470917
41,1.0,1.0,0.8380882
41,1.0,1.25,0.81296617
41,1.0,1.5,0.8080471
41,1.0,1.75,0.810739
41,1.0,2.0,0.74890155
41,1.25,0.0,0.87079406
41,1.25,0.25,0.87079394
41,1.25,0.5,0.86715156
41,1.25,0.75,0.8464943
41,1.25,1.0,0.81296617
41,1.25,1.25,0.8483808
41,1.25,1.5,0.7964017
41,1.25,1.75,0.840338
41,1.25,2.0,0.74450094
41,1.5,0.0,0.8275549
41,1.5,0.25,0.82755476
41,1.5,0.5,0.8232205
41,1.5,0.75,0.81970793
41,1.5,1.0,0.8080471
41,1.5,1.25,0.7964017
41,1.5,1.5,0.79094785
41,1.5,1.75,0.79460466
41,1.5,2.0,0.733706
41,1.75,0.0,0.8586531
41,1.75,0.25,0.85865295
41,1.75,0.5,0.8563851
41,1.75,0.75,0.83898133
41,1.75,1.0,0.810739
41,1.75,1.25,0.840338
41,1.75,1.5,0.79460466
41,1.75,1.75,0.83556825
41,1.75,2.0,0.74685615
41,2.0,0.0,0.7529545
41,2.0,0.25,0.7529545
41,2.0,0.5,0.75498575
41,2.0,0.75,0.7531161
41,2.0,1.0,0.74890155
41,2.0,1.25,0.7445009
41,2.0,1.5,0.73370606
41,2.0,1.75,0.74685615
41,2.0,2.0,0.704735
42,0.0,0.0,0.9999997
42,0.0,0.25,0.9999997
42,0.0,0.5,0.9999997
42,0.0,0.75,0.99214196
42,0.0,1.0,0.991157
42,0.0,1.25,0.955668
42,0.0,1.5,0.9650302
42,0.0,1.75,0.93614775
42,0.0,2.0,0.8255237
42,0.25,0.0,0.9999997
42,0.25,0.25,0.9999997
42,0.25,0.5,0.9999997
42,0.25,0.75,0.99214196
42,0.25,1.0,0.991157
42,0.25,1.25,0.955668
42,0.25,1.5,0.9650302
42,0.25,1.75,0.93614775
42,0.25,2.0,0.8255237
42,0.5,0.0,0.9999997
42,0.5,0.25,0.9999997
42,0.5,0.5,0.9999997
42,0.5,0.75,0.99214196
42,0.5,1.0,0.991157
42,0.5,1.25,0.955668
42,0.5,1.5,0.9650302
42,0.5,1.75,0.93614775
42,0.5,2.0,0.8255237
42,0.75,0.0,0.9921419
42,0.75,0.25,0.9921419
42,0.75,0.5,0.9921419
42,0.75,0.75,0.9858557
42,0.75,1.0,0.98490554
42,0.75,1.25,0.9525519
42,0.75,1.5,0.9634862
42,0.75,1.75,0.93341357
42,0.75,2.0,0.8234256
42,1.0,0.0,0.99115705
42,1.0,0.25,0.99115705
42,1.0,0.5,0.99115705
42,1.0,0.75,0.98490554
42,1.0,1.0,0.98405385
42,1.0,1.25,0.9519165
42,1.0,1.5,0.9630787
42,1.0,1.75,0.93274546
42,1.0,2.0,0.82274216
42,1.25,0.0,0.955668
42,1.25,0.25,0.955668
42,1.25,0.5,0.955668
42,1.25,0.75,0.9525518
42,1.25,1.0,0.9519165
42,1.25,1.25,0.92807007
42,1.25,1.5,0.940855
42,1.25,1.75,0.9101717
42,1.25,2.0,0.8025327
42,1.5,0.0,0.9650302
42,1.5,0.25,0.9650302
42,1.5,0.5,0.9650302
42,1.5,0.75,0.96348625
42,1.5,1.0,0.9630787
42,1.5,1.25,0.9408551
42,1.5,1.5,0.9574994
42,1.5,1.75,0.92268693
42,1.5,2.0,0.81431425
42,1.75,0.0,0.93614787
42,1.75,0.25,0.93614787
42,1.75,0.5,0.93614787
42,1.75,0.75,0.9334136
42,1.75,1.0,0.9327455
42,1.75,1.25,0.91017157
42,1.75,1.5,0.92268693
42,1.75,1.75,0.89726746
42,1.75,2.0,0.78905165
42,2.0,0.0,0.8255237
42,2.0,0.25,0.8255237
42,2.0,0.5,0.8255237
42,2.0,0.75,0.8234256
42,2.0,1.0,0.82274216
42,2.0,1.25,0.8025327
42,2.0,1.5,0.81431425
42,2.0,1.75,0.7890518
42,2.0,2.0,0.7113359
43,0.0,0.0,0.99999994
43,0.0,0.25,0.99999994
43,0.0,0.5,0.99377966
43,0.0,0.75,0.99091476
43,0.0,1.0,0.98684293
43,0.0,1.25,0.9868103
43,0.0,1.5,0.97678757
43,0.0,1.75,0.91979903
43,0.0,2.0,0.8117787
43,0.25,0.0,0.99999994
43,0.25,0.25,0.99999994
43,0.25,0.5,0.99377966
43,0.25,0.75,0.99091476
43,0.25,1.0,0.98684293
43,0.25,1.25,0.9868103
43,0.25,1.5,0.97678757
43,0.25,1.75,0.91979903
43,0.25,2.0,0.8117787
43,0.5,0.0,0.99377966
43,0.5,0.25,0.99377966
43,0.5,0.5,0.9888035
43,0.5,0.75,0.98601335
43,0.5,1.0,0.98196
43,0.5,1.25,0.9829887
43,0.5,1.5,0.9738562
43,0.5,1.75,0.9168709
43,0.5,2.0,0.8098602
43,0.75,0.0,0.9909148
43,0.75,0.25,0.9909148
43,0.75,0.5,0.9860135
43,0.75,0.75,0.9835039
43,0.75,1.0,0.97982305
43,0.75,1.25,0.9803455
43,0.75,1.5,0.97193617
43,0.75,1.75,0.9153897
43,0.75,2.0,0.8076799
43,1.0,0.0,0.98684293
43,1.0,0.25,0.98684293
43,1.0,0.5,0.98196
43,1.0,0.75,0.97982305
43,1.0,1.0,0.97668403
43,1.0,1.25,0.97645247
43,1.0,1.5,0.9688626
43,1.0,1.75,0.91277504
43,1.0,2.0,0.80420434
43,1.25,0.0,0.9868103
43,1.25,0.25,0.9868103
43,1.25,0.5,0.9829887
43,1.25,0.75,0.9803455
43,1.25,1.0,0.97645247
43,1.25,1.25,0.9783142
43,1.25,1.5,0.9700856
43,1.25,1.75,0.913075
43,1.25,2.0,0.8069844
43,1.5,0.0,0.97678757
43,1.5,0.25,0.97678757
43,1.5,0.5,0.9738562
43,1.5,0.75,0.97193617
43,1.5,1.0,0.9688627
43,1.5,1.25,0.9700855
43,1.5,1.5,0.9644732
43,1.5,1.75,0.9091175
43,1.5,2.0,0.8012627
43,1.75,0.0,0.91979903
43,1.75,0.25,0.91979903
43,1.75,0.5,0.9168709
43,1.75,0.75,0.9153897
43,1.75,1.0,0.91277504
43,1.75,1.25,0.91307503
43,1.75,1.5,0.9091176
43,1.75,1.75,0.8657692
43,1.75,2.0,0.75595975
43,2.0,0.0,0.8117787
43,2.0,0.25,0.8117787
43,2.0,0.5,0.8098602
43,2.0,0.75,0.8076799
43,2.0,1.0,0.80420434
43,2.0,1.25,0.80698454
43,2.0,1.5,0.8012627
43,2.0,1.75,0.75595975
43,2.0,2.0,0.720414
44,0.0,0.0,1.0
44,0.0,0.25,0.9778687
44,0.0,0.5,0.962422
44,0.0,0.75,0.9256084
44,0.0,1.0,0.90290225
44,0.0,1.25,0.8940912
44,0.0,1.5,0.90029526
44,0.0,1.75,0.8484503
44,0.0,2.0,0.8275803
44,0.25,0.0,0.9778687
44,0.25,0.25,0.961247
44,0.25,0.5,0.94848615
44,0.25,0.75,0.9201854
44,0.25,1.0,0.90110457
44,0.25,1.25,0.8949681
44,0.25,1.5,0.8989546
44,0.25,1.75,0.84694505
44,0.25,2.0,0.8352261
44,0.5,0.0,0.962422
44,0.5,0.25,0.94848615
44,0.5,0.5,0.938497
44,0.5,0.75,0.91491854
44,0.5,1.0,0.89799327
44,0.5,1.25,0.89325315
44,0.5,1.5,0.8953369
44,0.5,1.75,0.8450303
44,0.5,2.0,0.8380444
44,0.75,0.0,0.9256083
44,0.75,0.25,0.9201854
44,0.75,0.5,0.9149184
44,0.75,0.75,0.906134
44,0.75,1.0,0.89786834
44,0.75,1.25,0.8967697
44,0.75,1.5,0.8948655
44,0.75,1.75,0.8430239
44,0.75,2.0,0.85166395
44,1.0,0.0,0.90290225
44,1.0,0.25,0.90110457
44,1.0,0.5,0.8979933
44,1.0,0.75,0.8978684
44,1.0,1.0,0.903239
44,1.0,1.25,0.9017098
44,1.0,1.5,0.8960505
44,1.0,1.75,0.8395314
44,1.0,2.0,0.8596064
44,1.25,0.0,0.8940912
44,1.25,0.25,0.8949681
44,1.25,0.5,0.89325315
44,1.25,0.75,0.8967697
44,1.25,1.0,0.9017099
44,1.25,1.25,0.9034511
44,1.25,1.5,0.8959176
44,1.25,1.75,0.83943605
44,1.25,2.0,0.8639592
44,1.5,0.0,0.90029526
44,1.5,0.25,0.8989546
44,1.5,0.5,0.8953369
44,1.5,0.75,0.8948654
44,1.5,1.0,0.8960505
44,1.5,1.25,0.89591765
44,1.5,1.5,0.89194703
44,1.5,1.75,0.83570707
44,1.5,2.0,0.8561728
44,1.75,0.0,0.8484503
44,1.75,0.25,0.84694505
44,1.75,0.5,0.8450302
44,1.75,0.75,0.8430239
44,1.75,1.0,0.8395314
44,1.75,1.25,0.83943605
44,1.75,1.5,0.83570707
44,1.75,1.75,0.79631215
44,1.75,2.0,0.8032156
44,2.0,0.0,0.8275803
44,2.0,0.25,0.8352261
44,2.0,0.5,0.8380444
44,2.0,0.75,0.85166395
44,2.0,1.0,0.8596063
44,2.0,1.25,0.8639592
44,2.0,1.5,0.8561728
44,2.0,1.75,0.8032156
44,2.0,2.0,0.8488533
45,0.0,0.0,0.9999997
45,0.0,0.25,0.9999997
45,0.0,0.5,0.9879837
45,0.0,0.75,0.9761316
45,0.0,1.0,0.95405805
45,0.0,1.25,0.89699125
45,0.0,1.5,0.8529686
45,0.0,1.75,0.87661964
45,0.0,2.0,0.72229433
45,0.25,0.0,0.9999997
45,0.25,0.25,0.9999997
45,0.25,0.5,0.9879837
45,0.25,0.75,0.9761316
45,0.25,1.0,0.95405805
45,0.25,1.25,0.89699125
45,0.25,1.5,0.8529686
45,0.25,1.75,0.87661964
45,0.25,2.0,0.72229433
45,0.5,0.0,0.9879837
45,0.5,0.25,0.9879837
45,0.5,0.5,0.9783709
45,0.5,0.75,0.9652437
45,0.5,1.0,0.9445845
45,0.5,1.25,0.8998764
45,0.5,1.5,0.8491432
45,0.5,1.75,0.872323
45,0.5,2.0,0.7245276
45,0.75,0.0,0.9761316
45,0.75,0.25,0.9761316
45,0.75,0.5,0.9652437
45,0.75,0.75,0.9553102
45,0.75,1.0,0.93498564
45,0.75,1.25,0.88458025
45,0.75,1.5,0.8444696
45,0.75,1.75,0.86281824
45,0.75,2.0,0.71603394
45,1.0,0.0,0.95405805
45,1.0,0.25,0.95405805
45,1.0,0.5,0.9445844
45,1.0,0.75,0.9349858
45,1.0,1.0,0.9172722
45,1.0,1.25,0.8725363
45,1.0,1.5,0.8349663
45,1.0,1.75,0.8499168
45,1.0,2.0,0.709198
45,1.25,0.0,0.89699113
45,1.25,0.25,0.89699113
45,1.25,0.5,0.8998764
45,1.25,0.75,0.88458025
45,1.25,1.0,0.8725363
45,1.25,1.25,0.8964734
45,1.25,1.5,0.81789446
45,1.25,1.75,0.83256996
45,1.25,2.0,0.72793555
45,1.5,0.0,0.8529686
45,1.5,0.25,0.8529686
45,1.5,0.5,0.84914327
45,1.5,0.75,0.8444696
45,1.5,1.0,0.8349663
45,1.5,1.25,0.81789446
45,1.5,1.5,0.79718703
45,1.5,1.75,0.7898375
45,1.5,2.0,0.6828352
45,1.75,0.0,0.8766196
45,1.75,0.25,0.8766196
45,1.75,0.5,0.872323
45,1.75,0.75,0.8628183
45,1.75,1.0,0.8499168
45,1.75,1.25,0.83256996
45,1.75,1.5,0.7898375
45,1.75,1.75,0.8019186
45,1.75,2.0,0.68528306
45,2.0,0.0,0.7222944
45,2.0,0.25,0.7222944
45,2.0,0.5,0.7245276
45,2.0,0.75,0.7160341
45,2.0,1.0,0.709198
45,2.0,1.25,0.72793555
45,2.0,1.5,0.6828352
45,2.0,1.75,0.68528306
45,2.0,2.0,0.6351512
46,0.0,0.0,1.0000001
46,0.0,0.25,1.0000001
46,0.0,0.5,1.0000001
46,0.0,0.75,0.94851625
46,0.0,1.0,0.97946304
46,0.0,1.25,0.9306595
46,0.0,1.5,0.9180989
46,0.0,1.75,0.87614805
46,0.0,2.0,0.78150004
46,0.25,0.0,1.0000001
46,0.25,0.25,1.0000001
46,0.25,0.5,1.0000001
46,0.25,0.75,0.94851625
46,0.25,1.0,0.97946304
46,0.25,1.25,0.9306595
46,0.25,1.5,0.9180989
46,0.25,1.75,0.87614805
46,0.25,2.0,0.78150004
46,0.5,0.0,1.0000001
46,0.5,0.25,1.0000001
46,0.5,0.5,1.0000001
46,0.5,0.75,0.94851625
46,0.5,1.0,0.97946304
46,0.5,1.25,0.9306595
46,0.5,1.5,0.9180989
46,0.5,1.75,0.87614805
46,0.5,2.0,0.78150004
46,0.75,0.0,0.94851625
46,0.75,0.25,0.94851625
46,0.75,0.5,0.94851625
46,0.75,0.75,0.9091693
46,0.75,1.0,0.93267214
46,0.75,1.25,0.8952816
46,0.75,1.5,0.8850343
46,0.75,1.75,0.84046555
46,0.75,2.0,0.7647038
46,1.0,0.0,0.97946304
46,1.0,0.25,0.97946304
46,1.0,0.5,0.97946304
46,1.0,0.75,0.93267214
46,1.0,1.0,0.9609797
46,1.0,1.25,0.91643465
46,1.0,1.5,0.9044371
46,1.0,1.75,0.8617711
46,1.0,2.0,0.77525747
46,1.25,0.0,0.9306595
46,1.25,0.25,0.9306595
46,1.25,0.5,0.9306595
46,1.25,0.75,0.8952816
46,1.25,1.0,0.91643465
46,1.25,1.25,0.8875877
46,1.25,1.5,0.8742029
46,1.25,1.75,0.8304019
46,1.25,2.0,0.76260835
46,1.5,0.0,0.9180989
46,1.5,0.25,0.9180989
46,1.5,0.5,0.9180989
46,1.5,0.75,0.8850344
46,1.5,1.0,0.9044372
46,1.5,1.25,0.87420297
46,1.5,1.5,0.8669087
46,1.5,1.75,0.81987643
46,1.5,2.0,0.75137174
46,1.75,0.0,0.87614805
46,1.75,0.25,0.87614805
46,1.75,0.5,0.87614805
46,1.75,0.75,0.84046555
46,1.75,1.0,0.8617711
46,1.75,1.25,0.830402
46,1.75,1.5,0.81987643
46,1.75,1.75,0.7879448
46,1.75,2.0,0.7142236
46,2.0,0.0,0.7815001
46,2.0,0.25,0.7815001
46,2.0,0.5,0.7815001
46,2.0,0.75,0.7647038
46,2.0,1.0,0.77525747
46,2.0,1.25,0.76260835
46,2.0,1.5,0.75137174
46,2.0,1.75,0.71422356
46,2.0,2.0,0.6877682
47,0.0,0.0,1.0000001
47,0.0,0.25,1.0000001
47,0.0,0.5,0.99587613
47,0.0,0.75,1.0000001
47,0.0,1.0,0.9883951
47,0.0,1.25,0.99381423
47,0.0,1.5,0.98553586
47,0.0,1.75,0.9471579
47,0.0,2.0,0.8707115
47,0.25,0.0,1.0000001
47,0.25,0.25,1.0000001
47,0.25,0.5,0.99587613
47,0.25,0.75,1.0000001
47,0.25,1.0,0.9883951
47,0.25,1.25,0.99381423
47,0.25,1.5,0.98553586
47,0.25,1.75,0.9471579
47,0.25,2.0,0.8707115
47,0.5,0.0,0.99587613
47,0.5,0.25,0.99587613
47,0.5,0.5,0.9925771
47,0.5,0.75,0.99587613
47,0.5,1.0,0.9860083
47,0.5,1.25,0.9909275
47,0.5,1.5,0.983512
47,0.5,1.75,0.9451468
47,0.5,2.0,0.8683016
47,0.75,0.0,1.0000001
47,0.75,0.25,1.0000001
47,0.75,0.5,0.99587613
47,0.75,0.75,1.0000001
47,0.75,1.0,0.9883951
47,0.75,1.25,0.99381423
47,0.75,1.5,0.98553586
47,0.75,1.75,0.9471579
47,0.75,2.0,0.8707115
47,1.0,0.0,0.9883951
47,1.0,0.25,0.9883951
47,1.0,0.5,0.9860083
47,1.0,0.75,0.9883951
47,1.0,1.0,0.98068774
47,1.0,1.25,0.9848149
47,1.0,1.5,0.97829634
47,1.0,1.75,0.94011664
47,1.0,2.0,0.8637042
47,1.25,0.0,0.99381423
47,1.25,0.25,0.99381423
47,1.25,0.5,0.9909275
47,1.25,0.75,0.99381423
47,1.25,1.0,0.9848149
47,1.25,1.25,0.98948425
47,1.25,1.5,0.9825
47,1.25,1.75,0.9441412
47,1.25,2.0,0.8670964
47,1.5,0.0,0.98553586
47,1.5,0.25,0.98553586
47,1.5,0.5,0.983512
47,1.5,0.75,0.98553586
47,1.5,1.0,0.97829634
47,1.5,1.25,0.9825001
47,1.5,1.5,0.9768323
47,1.5,1.75,0.93953264
47,1.5,2.0,0.8608529
47,1.75,0.0,0.9471579
47,1.75,0.25,0.9471579
47,1.75,0.5,0.9451468
47,1.75,0.75,0.9471579
47,1.75,1.0,0.9401166
47,1.75,1.25,0.9441412
47,1.75,1.5,0.93953264
47,1.75,1.75,0.90927935
47,1.75,2.0,0.8285583
47,2.0,0.0,0.8707115
47,2.0,0.25,0.8707115
47,2.0,0.5,0.8683016
47,2.0,0.75,0.8707115
47,2.0,1.0,0.8637043
47,2.0,1.25,0.8670965
47,2.0,1.5,0.86085284
47,2.0,1.75,0.8285583
47,2.0,2.0,0.77495456
48,0.0,0.0,0.9398926
48,0.0,0.25,0.9463989
48,0.0,0.5,0.90825105
48,0.0,0.75,0.9195211
48,0.0,1.0,0.8900482
48,0.0,1.25,0.9120617
48,0.0,1.5,0.8933942
48,0.0,1.75,0.8352704
48,0.0,2.0,0.79062486
48,0.25,0.0,0.946399
48,0.25,0.25,0.9557051
48,0.25,0.5,0.909751
48,0.25,0.75,0.92300093
48,0.25,1.0,0.88945496
48,0.25,1.25,0.91419137
48,0.25,1.5,0.89654243
48,0.25,1.75,0.83354384
48,0.25,2.0,0.78927034
48,0.5,0.0,0.908251
48,0.5,0.25,0.9097509
48,0.5,0.5,0.906771
48,0.5,0.75,0.907431
48,0.5,1.0,0.906451
48,0.5,1.25,0.90640473
48,0.5,1.5,0.900156
48,0.5,1.75,0.8592676
48,0.5,2.0,0.8099254
48,0.75,0.0,0.9195211
48,0.75,0.25,0.92300093
48,0.75,0.5,0.907431
48,0.75,0.75,0.9118477
48,0.75,1.0,0.90091753
48,0.75,1.25,0.908527
48,0.75,1.5,0.8982519
48,0.75,1.75,0.85107666
48,0.75,2.0,0.8033414
48,1.0,0.0,0.89004827
48,1.0,0.25,0.889455
48,1.0,0.5,0.9064511
48,1.0,0.75,0.90091753
48,1.0,1.0,0.9171226
48,1.0,1.25,0.9035799
48,1.0,1.5,0.90606314
48,1.0,1.75,0.8744983
48,1.0,2.0,0.8221904
48,1.25,0.0,0.9120617
48,1.25,0.25,0.91419137
48,1.25,0.5,0.90640473
48,1.25,0.75,0.9085271
48,1.25,1.0,0.90357995
48,1.25,1.25,0.90682715
48,1.25,1.5,0.8986876
48,1.25,1.75,0.8556709
48,1.25,2.0,0.8069557
48,1.5,0.0,0.8933942
48,1.5,0.25,0.8965425
48,1.5,0.5,0.900156
48,1.5,0.75,0.8982519
48,1.5,1.0,0.90606314
48,1.5,1.25,0.8986876
48,1.5,1.5,0.90152174
48,1.5,1.75,0.86207
48,1.5,2.0,0.8118151
48,1.75,0.0,0.83527046
48,1.75,0.25,0.83354384
48,1.75,0.5,0.8592676
48,1.75,0.75,0.85107666
48,1.75,1.0,0.87449837
48,1.75,1.25,0.8556709
48,1.75,1.5,0.86207
48,1.75,1.75,0.8423946
48,1.75,2.0,0.7916999
48,2.0,0.0,0.7906248
48,2.0,0.25,0.78927034
48,2.0,0.5,0.8099253
48,2.0,0.75,0.80334127
48,2.0,1.0,0.82219034
48,2.0,1.25,0.8069557
48,2.0,1.5,0.8118152
48,2.0,1.75,0.7916998
48,2.0,2.0,0.7542833
49,0.0,0.0,0.99999994
49,0.0,0.25,0.9837685
49,0.0,0.5,0.9837685
49,0.0,0.75,0.9431901
49,0.0,1.0,0.9711827
49,0.0,1.25,0.89418626
49,0.0,1.5,0.8932187
49,0.0,1.75,0.92358094
49,0.0,2.0,0.7376979
49,0.25,0.0,0.9837685
49,0.25,0.25,0.9707835
49,0.25,0.5,0.9707834
49,0.25,0.75,0.9383207
49,0.25,1.0,0.9595658
49,0.25,1.25,0.88570523
49,0.25,1.5,0.88721406
49,0.25,1.75,0.9194548
49,0.25,2.0,0.7298357
49,0.5,0.0,0.9837685
49,0.5,0.25,0.9707835
49,0.5,0.5,0.9707835
49,0.5,0.75,0.9383207
49,0.5,1.0,0.9595659
49,0.5,1.25,0.88570535
49,0.5,1.5,0.88721406
49,0.5,1.75,0.9194548
49,0.5,2.0,0.7298357
49,0.75,0.0,0.94319016
49,0.75,0.25,0.9383207
49,0.75,0.5,0.9383207
49,0.75,0.75,0.92614716
49,0.75,1.0,0.93052346
49,0.75,1.25,0.86450297
49,0.75,1.5,0.87220246
49,0.75,1.75,0.9091393
49,0.75,2.0,0.7101798
49,1.0,0.0,0.97118276
49,1.0,0.25,0.9595658
49,1.0,0.5,0.9595658
49,1.0,0.75,0.93052346
49,1.0,1.0,0.9493518
49,1.0,1.25,0.8760454
49,1.0,1.5,0.87906724
49,1.0,1.75,0.91161036
49,1.0,2.0,0.7215848
49,1.25,0.0,0.89418626
49,1.25,0.25,0.88570535
49,1.25,0.5,0.88570523
49,1.25,0.75,0.86450285
49,1.25,1.0,0.8760454
49,1.25,1.25,0.8226036
49,1.25,1.5,0.8222575
49,1.25,1.75,0.8496641
49,1.25,2.0,0.6881039
49,1.5,0.0,0.8932187
49,1.5,0.25,0.88721406
49,1.5,0.5,0.88721406
49,1.5,0.75,0.8722024
49,1.5,1.0,0.87906724
49,1.5,1.25,0.8222575
49,1.5,1.5,0.82825196
49,1.5,1.75,0.85579973
49,1.5,2.0,0.6887885
49,1.75,0.0,0.92358094
49,1.75,0.25,0.9194548
49,1.75,0.5,0.9194548
49,1.75,0.75,0.9091393
49,1.75,1.0,0.9116104
49,1.75,1.25,0.849664
49,1.75,1.5,0.85579973
49,1.75,1.75,0.89573073
49,1.75,2.0,0.6979274
49,2.0,0.0,0.73769796
49,2.0,0.25,0.7298357
49,2.0,0.5,0.7298357
49,2.0,0.75,0.7101799
49,2.0,1.0,0.7215848
49,2.0,1.25,0.6881039
49,2.0,1.5,0.6887885
49,2.0,1.75,0.6979274
49,2.0,2.0,0.61171377
50,0.0,0.0,0.99999976
50,0.0,0.25,0.99999976
50,0.0,0.5,0.99999976
50,0.0,0.75,0.99999976
50,0.0,1.0,0.99999976
50,0.0,1.25,0.9930652
50,0.0,1.5,0.9826635
50,0.0,1.75,0.9861308
50,0.0,2.0,0.90855443
50,0.25,0.0,0.99999976
50,0.25,0.25,0.99999976
50,0.25,0.5,0.99999976
50,0.25,0.75,0.99999976
50,0.25,1.0,0.99999976
50,0.25,1.25,0.9930652
50,0.25,1.5,0.9826635
50,0.25,1.75,0.9861308
50,0.25,2.0,0.90855443
50,0.5,0.0,0.99999976
50,0.5,0.25,0.99999976
50,0.5,0.5,0.99999976
50,0.5,0.75,0.99999976
50,0.5,1.0,0.99999976
50,0.5,1.25,0.9930652
50,0.5,1.5,0.9826635
50,0.5,1.75,0.9861308
50,0.5,2.0,0.90855443
50,0.75,0.0,0.99999976
50,0.75,0.25,0.99999976
50,0.75,0.5,0.99999976
50,0.75,0.75,0.99999976
50,0.75,1.0,0.99999976
50,0.75,1.25,0.9930652
50,0.75,1.5,0.9826635
50,0.75,1.75,0.9861308
50,0.75,2.0,0.90855443
50,1.0,0.0,0.99999976
50,1.0,0.25,0.99999976
50,1.0,0.5,0.99999976
50,1.0,0.75,0.99999976
50,1.0,1.0,0.99999976
50,1.0,1.25,0.9930652
50,1.0,1.5,0.9826635
50,1.0,1.75,0.9861308
50,1.0,2.0,0.90855443
50,1.25,0.0,0.9930652
50,1.25,0.25,0.9930652
50,1.25,0.5,0.9930652
50,1.25,0.75,0.9930652
50,1.25,1.0,0.9930652
50,1.25,1.25,0.9875176
50,1.25,1.5,0.9791962
50,1.25,1.75,0.9819701
50,1.25,2.0,0.9043799
50,1.5,0.0,0.9826635
50,1.5,0.25,0.9826635
50,1.5,0.5,0.9826635
50,1.5,0.75,0.9826635
50,1.5,1.0,0.9826635
50,1.5,1.25,0.9791962
50,1.5,1.5,0.9739954
50,1.5,1.75,0.9757289
50,1.5,2.0,0.8981179
50,1.75,0.0,0.98613065
50,1.75,0.25,0.98613065
50,1.75,0.5,0.98613065
50,1.75,0.75,0.98613065
50,1.75,1.0,0.98613065
50,1.75,1.25,0.9819699
50,1.75,1.5,0.9757289
50,1.75,1.75,0.9778093
50,1.75,2.0,0.90020525
50,2.0,0.0,0.90855443
50,2.0,0.25,0.90855443
50,2.0,0.5,0.90855443
50,2.0,0.75,0.90855443
50,2.0,1.0,0.90855443
50,2.0,1.25,0.9043799
50,2.0,1.5,0.8981179
50,2.0,1.75,0.90020525
50,2.0,2.0,0.84110373
51,0.0,0.0,1.0000001
51,0.0,0.25,0.91374993
51,0.0,0.5,0.75243545
51,0.0,0.75,0.66826814
51,0.0,1.0,0.81351316
51,0.0,1.25,0.74161494
51,0.0,1.5,0.7196694
51,0.0,1.75,0.7107975
51,0.0,2.0,0.68030214
51,0.25,0.0,0.91374993
51,0.25,0.25,0.8491037
51,0.25,0.5,0.72818893
51,0.25,0.75,0.6692722
51,0.25,1.0,0.78004736
51,0.25,1.25,0.72543883
51,0.25,1.5,0.7075433
51,0.25,1.75,0.69982684
51,0.25,2.0,0.66815394
51,0.5,0.0,0.75243545
51,0.5,0.25,0.72818893
51,0.5,0.5,0.6838935
51,0.5,0.75,0.67457443
51,0.5,1.0,0.7210457
51,0.5,1.25,0.70002747
51,0.5,1.5,0.6889012
51,0.5,1.75,0.6827161
51,0.5,2.0,0.64788926
51,0.75,0.0,0.66826814
51,0.75,0.25,0.6692722
51,0.75,0.5,0.67457443
51,0.75,0.75,0.7050607
51,0.75,1.0,0.7153498
51,0.75,1.25,0.71605974
51,0.75,1.5,0.708749
51,0.75,1.75,0.70160615
51,0.75,2.0,0.66313934
51,1.0,0.0,0.8135133
51,1.0,0.25,0.7800473
51,1.0,0.5,0.7210457
51,1.0,0.75,0.71534973
51,1.0,1.0,0.7843942
51,1.0,1.25,0.7562324
51,1.0,1.5,0.7423677
51,1.0,1.75,0.7333259
51,1.0,2.0,0.6964517
51,1.25,0.0,0.7416148
51,1.25,0.25,0.72543883
51,1.25,0.5,0.7000275
51,1.25,0.75,0.71605974
51,1.25,1.0,0.75623244
51,1.25,1.25,0.74596345
51,1.25,1.5,0.7342769
51,1.25,1.75,0.72484404
51,1.25,2.0,0.6855158
51,1.5,0.0,0.71966934
51,1.5,0.25,0.7075433
51,1.5,0.5,0.6889012
51,1.5,0.75,0.708749
51,1.5,1.0,0.7423677
51,1.5,1.25,0.7342769
51,1.5,1.5,0.7290497
51,1.5,1.75,0.71711975
51,1.5,2.0,0.681178
51,1.75,0.0,0.7107974
51,1.75,0.25,0.69982684
51,1.75,0.5,0.6827161
51,1.75,0.75,0.70160615
51,1.75,1.0,0.7333259
51,1.75,1.25,0.72484404
51,1.75,1.5,0.71711975
51,1.75,1.75,0.71008664
51,1.75,2.0,0.67278856
51,2.0,0.0,0.68030214
51,2.0,0.25,0.66815394
51,2.0,0.5,0.64788926
51,2.0,0.75,0.66313934
51,2.0,1.0,0.6964518
51,2.0,1.25,0.6855159
51,2.0,1.5,0.681178
51,2.0,1.75,0.67278856
51,2.0,2.0,0.64572656
52,0.0,0.0,0.9739416
52,0.0,0.25,0.96416974
52,0.0,0.5,0.9568408
52,0.0,0.75,0.9172469
52,0.0,1.0,0.9072426
52,0.0,1.25,0.8880049
52,0.0,1.5,0.8404002
52,0.0,1.75,0.7837145
52,0.0,2.0,0.6774486
52,0.25,0.0,0.96416974
52,0.25,0.25,0.96091247
52,0.25,0.5,0.95846957
52,0.25,0.75,0.9226723
52,0.25,1.0,0.90281874
52,0.25,1.25,0.8914321
52,0.25,1.5,0.84204084
52,0.25,1.75,0.7874707
52,0.25,2.0,0.6815376
52,0.5,0.0,0.9568408
52,0.5,0.25,0.95846957
52,0.5,0.5,0.959691
52,0.5,0.75,0.92674136
52,0.5,1.0,0.8995009
52,0.5,1.25,0.89400256
52,0.5,1.5,0.8432713
52,0.5,1.75,0.7902878
52,0.5,2.0,0.6846044
52,0.75,0.0,0.9172469
52,0.75,0.25,0.9226723
52,0.75,0.5,0.92674136
52,0.75,0.75,0.9064249
52,0.75,1.0,0.8799293
52,0.75,1.25,0.8781487
52,0.75,1.5,0.8412085
52,0.75,1.75,0.79527086
52,0.75,2.0,0.6907561
52,1.0,0.0,0.9072426
52,1.0,0.25,0.90281874
52,1.0,0.5,0.8995009
52,1.0,0.75,0.87992936
52,1.0,1.0,0.8749534
52,1.0,1.25,0.86074466
52,1.0,1.5,0.8350852
52,1.0,1.75,0.7895982
52,1.0,2.0,0.68886274
52,1.25,0.0,0.88800484
52,1.25,0.25,0.8914321
52,1.25,0.5,0.89400256
52,1.25,0.75,0.8781487
52,1.25,1.0,0.86074454
52,1.25,1.25,0.8600711
52,1.25,1.5,0.8285061
52,1.25,1.75,0.788639
52,1.25,2.0,0.6891191
52,1.5,0.0,0.8404002
52,1.5,0.25,0.84204084
52,1.5,0.5,0.8432713
52,1.5,0.75,0.8412086
52,1.5,1.0,0.8350852
52,1.5,1.25,0.8285061
52,1.5,1.5,0.8240244
52,1.5,1.75,0.78870934
52,1.5,2.0,0.689821
52,1.75,0.0,0.7837145
52,1.75,0.25,0.78747064
52,1.75,0.5,0.7902878
52,1.75,0.75,0.79527086
52,1.75,1.0,0.7895982
52,1.75,1.25,0.78863907
52,1.75,1.5,0.7887093
52,1.75,1.75,0.77069384
52,1.75,2.0,0.67527366
52,2.0,0.0,0.6774485
52,2.0,0.25,0.6815376
52,2.0,0.5,0.6846044
52,2.0,0.75,0.69075614
52,2.0,1.0,0.6888627
52,2.0,1.25,0.6891191
52,2.0,1.5,0.689821
52,2.0,1.75,0.6752737
52,2.0,2.0,0.6216251
53,0.0,0.0,0.99999994
53,0.0,0.25,0.99999994
53,0.0,0.5,0.9628944
53,0.0,0.75,0.9257889
53,0.0,1.0,0.93985015
53,0.0,1.25,0.8970514
53,0.0,1.5,0.7828698
53,0.0,1.75,0.82450724
53,0.0,2.0,0.75618
53,0.25,0.0,0.99999994
53,0.25,0.25,0.99999994
53,0.25,0.5,0.9628944
53,0.25,0.75,0.9257889
53,0.25,1.0,0.93985015
53,0.25,1.25,0.8970514
53,0.25,1.5,0.7828698
53,0.25,1.75,0.82450724
53,0.25,2.0,0.75618
53,0.5,0.0,0.96289444
53,0.5,0.25,0.96289444
53,0.5,0.5,0.93321
53,0.5,0.75,0.90352553
53,0.5,1.0,0.91227746
53,0.5,1.25,0.8791034
53,0.5,1.5,0.7830548
53,0.5,1.75,0.8094217
53,0.5,2.0,0.75055426
53,0.75,0.0,0.9257888
53,0.75,0.25,0.9257888
53,0.75,0.5,0.90352553
53,0.75,0.75,0.8812622
53,0.75,1.0,0.8847048
53,0.75,1.25,0.8611554
53,0.75,1.5,0.78323984
53,0.75,1.75,0.79433626
53,0.75,2.0,0.7449286
53,1.0,0.0,0.9398502
53,1.0,0.25,0.9398502
53,1.0,0.5,0.9122775
53,1.0,0.75,0.8847048
53,1.0,1.0,0.89382154
53,1.0,1.25,0.86451066
53,1.0,1.5,0.77472246
53,1.0,1.75,0.8005745
53,1.0,2.0,0.74316317
53,1.25,0.0,0.8970514
53,1.25,0.25,0.8970514
53,1.25,0.5,0.8791034
53,1.25,0.75,0.86115545
53,1.25,1.0,0.86451066
53,1.25,1.25,0.8537941
53,1.25,1.5,0.7825215
53,1.25,1.75,0.7918632
53,1.25,2.0,0.7482922
53,1.5,0.0,0.7828698
53,1.5,0.25,0.7828698
53,1.5,0.5,0.7830548
53,1.5,0.75,0.7832399
53,1.5,1.0,0.77472246
53,1.5,1.25,0.7825215
53,1.5,1.5,0.7627456
53,1.5,1.75,0.73652786
53,1.5,2.0,0.7138653
53,1.75,0.0,0.8245071
53,1.75,0.25,0.82450724
53,1.75,0.5,0.8094217
53,1.75,0.75,0.79433626
53,1.75,1.0,0.8005745
53,1.75,1.25,0.7918631
53,1.75,1.5,0.73652786
53,1.75,1.75,0.75336283
53,1.75,2.0,0.70808786
53,2.0,0.0,0.75618005
53,2.0,0.25,0.75618005
53,2.0,0.5,0.7505543
53,2.0,0.75,0.7449286
53,2.0,1.0,0.74316317
53,2.0,1.25,0.7482922
53,2.0,1.5,0.7138653
53,2.0,1.75,0.7080879
53,2.0,2.0,0.687293
54,0.0,0.0,1.0000001
54,0.0,0.25,1.0000001
54,0.0,0.5,0.95767546
54,0.0,0.75,0.925932
54,0.0,1.0,0.89418846
54,0.0,1.25,0.95767546
54,0.0,1.5,0.91047835
54,0.0,1.75,0.9241365
54,0.0,2.0,0.9049266
54,0.25,0.0,1.0000001
54,0.25,0.25,1.0000001
54,0.25,0.5,0.95767546
54,0.25,0.75,0.925932
54,0.25,1.0,0.89418846
54,0.25,1.25,0.95767546
54,0.25,1.5,0.91047835
54,0.25,1.75,0.9241365
54,0.25,2.0,0.9049266
54,0.5,0.0,0.9576754
54,0.5,0.25,0.9576754
54,0.5,0.5,0.93228066
54,0.5,0.75,0.91323453
54,0.5,1.0,0.89418846
54,0.5,1.25,0.9322806
54,0.5,1.5,0.9020909
54,0.5,1.75,0.90973175
54,0.5,2.0,0.89060354
54,0.75,0.0,0.925932
54,0.75,0.25,0.925932
54,0.75,0.5,0.91323453
54,0.75,0.75,0.9037115
54,0.75,1.0,0.8941884
54,0.75,1.25,0.91323453
54,0.75,1.5,0.89580035
54,0.75,1.75,0.89892817
54,0.75,2.0,0.8798613
54,1.0,0.0,0.8941885
54,1.0,0.25,0.8941885
54,1.0,0.5,0.89418846
54,1.0,0.75,0.89418846
54,1.0,1.0,0.8941884
54,1.0,1.25,0.89418846
54,1.0,1.5,0.8895099
54,1.0,1.75,0.8881245
54,1.0,2.0,0.8691191
54,1.25,0.0,0.95767546
54,1.25,0.25,0.95767546
54,1.25,0.5,0.93228066
54,1.25,0.75,0.91323453
54,1.25,1.0,0.89418846
54,1.25,1.25,0.9322806
54,1.25,1.5,0.9020909
54,1.25,1.75,0.90973175
54,1.25,2.0,0.89060354
54,1.5,0.0,0.91047835
54,1.5,0.25,0.91047835
54,1.5,0.5,0.9020909
54,1.5,0.75,0.8958004
54,1.5,1.0,0.8895098
54,1.5,1.25,0.9020909
54,1.5,1.5,0.88947344
54,1.5,1.75,0.89070404
54,1.5,2.0,0.8719517
54,1.75,0.0,0.9241365
54,1.75,0.25,0.9241365
54,1.75,0.5,0.90973175
54,1.75,0.75,0.89892817
54,1.75,1.0,0.8881245
54,1.75,1.25,0.90973175
54,1.75,1.5,0.89070404
54,1.75,1.75,0.8957486
54,1.75,2.0,0.8764157
54,2.0,0.0,0.90492654
54,2.0,0.25,0.90492654
54,2.0,0.5,0.89060354
54,2.0,0.75,0.8798613
54,2.0,1.0,0.8691191
54,2.0,1.25,0.89060354
54,2.0,1.5,0.87195176
54,2.0,1.75,0.8764157
54,2.0,2.0,0.86184263
55,0.0,0.0,0.9999997
55,0.0,0.25,0.9999997
55,0.0,0.5,0.9662347
55,0.0,0.75,0.96392596
55,0.0,1.0,0.9261287
55,0.0,1.25,0.77576345
55,0.0,1.5,0.8115352
55,0.0,1.75,0.8445509
55,0.0,2.0,0.632861
55,0.25,0.0,0.9999997
55,0.25,0.25,0.9999997
55,0.25,0.5,0.9662347
55,0.25,0.75,0.96392596
55,0.25,1.0,0.9261287
55,0.25,1.25,0.77576345
55,0.25,1.5,0.8115352
55,0.25,1.75,0.8445509
55,0.25,2.0,0.632861
55,0.5,0.0,0.9662347
55,0.5,0.25,0.9662347
55,0.5,0.5,0.9425991
55,0.5,0.75,0.94006705
55,0.5,1.0,0.9107833
55,0.5,1.25,0.7770984
55,0.5,1.5,0.799836
55,0.5,1.75,0.831146
55,0.5,2.0,0.6324017
55,0.75,0.0,0.96392596
55,0.75,0.25,0.96392596
55,0.75,0.5,0.94006705
55,0.75,0.75,0.9379066
55,0.75,1.0,0.90837663
55,0.75,1.25,0.7754389
55,0.75,1.5,0.7986951
55,0.75,1.75,0.83018416
55,0.75,2.0,0.6319157
55,1.0,0.0,0.9261287
55,1.0,0.25,0.9261287
55,1.0,0.5,0.9107834
55,1.0,0.75,0.9083765
55,1.0,1.0,0.88738745
55,1.0,1.25,0.77245307
55,1.0,1.5,0.7885257
55,1.0,1.75,0.8147392
55,1.0,2.0,0.62947345
55,1.25,0.0,0.7757634
55,1.25,0.25,0.7757634
55,1.25,0.5,0.7770984
55,1.25,0.75,0.77543885
55,1.25,1.0,0.77245307
55,1.25,1.25,0.7190937
55,1.25,1.5,0.7181075
55,1.25,1.75,0.72786105
55,1.25,2.0,0.5982601
55,1.5,0.0,0.8115352
55,1.5,0.25,0.8115352
55,1.5,0.5,0.799836
55,1.5,0.75,0.7986951
55,1.5,1.0,0.7885257
55,1.5,1.25,0.7181075
55,1.5,1.5,0.7509864
55,1.5,1.75,0.7532638
55,1.5,2.0,0.60404974
55,1.75,0.0,0.84455085
55,1.75,0.25,0.84455085
55,1.75,0.5,0.83114606
55,1.75,0.75,0.8301841
55,1.75,1.0,0.8147392
55,1.75,1.25,0.72786105
55,1.75,1.5,0.75326383
55,1.75,1.75,0.7691656
55,1.75,2.0,0.61091006
55,2.0,0.0,0.6328611
55,2.0,0.25,0.6328611
55,2.0,0.5,0.6324017
55,2.0,0.75,0.6319157
55,2.0,1.0,0.62947345
55,2.0,1.25,0.5982601
55,2.0,1.5,0.60404974
55,2.0,1.75,0.61091006
55,2.0,2.0,0.53758264
56,0.0,0.0,0.7727618
56,0.0,0.25,0.777496
56,0.0,0.5,0.75297964
56,0.0,0.75,0.7135543
56,0.0,1.0,0.7083284
56,0.0,1.25,0.6825592
56,0.0,1.5,0.7257181
56,0.0,1.75,0.6081429
56,0.0,2.0,0.55614203
56,0.25,0.0,0.777496
56,0.25,0.25,0.78459716
56,0.25,0.5,0.7496021
56,0.25,0.75,0.7076724
56,0.25,1.0,0.7032769
56,0.25,1.25,0.68029785
56,0.25,1.5,0.72775984
56,0.25,1.75,0.60141516
56,0.25,2.0,0.5489955
56,0.5,0.0,0.75297976
56,0.5,0.25,0.74960196
56,0.5,0.5,0.76193106
56,0.5,0.75,0.73106366
56,0.5,1.0,0.7234901
56,0.5,1.25,0.6897229
56,0.5,1.5,0.71607953
56,0.5,1.75,0.6329574
56,0.5,2.0,0.5802094
56,0.75,0.0,0.7135542
56,0.75,0.25,0.7076724
56,0.75,0.5,0.73106366
56,0.75,0.75,0.7203364
56,0.75,1.0,0.7133026
56,0.75,1.25,0.6834726
56,0.75,1.5,0.68951696
56,0.75,1.75,0.6304765
56,0.75,2.0,0.58266324
56,1.0,0.0,0.7083284
56,1.0,0.25,0.703277
56,1.0,0.5,0.72349024
56,1.0,0.75,0.7133026
56,1.0,1.0,0.71016884
56,1.0,1.25,0.6798273
56,1.0,1.5,0.6853221
56,1.0,1.75,0.6318748
56,1.0,2.0,0.58220667
56,1.25,0.0,0.6825592
56,1.25,0.25,0.68029785
56,1.25,0.5,0.6897228
56,1.25,0.75,0.6834726
56,1.25,1.0,0.6798273
56,1.25,1.25,0.6662612
56,1.25,1.5,0.6641571
56,1.25,1.75,0.61148024
56,1.25,2.0,0.55911016
56,1.5,0.0,0.7257181
56,1.5,0.25,0.72775984
56,1.5,0.5,0.71607965
56,1.5,0.75,0.6895169
56,1.5,1.0,0.6853221
56,1.5,1.25,0.6641571
56,1.5,1.5,0.6927343
56,1.5,1.75,0.5968879
56,1.5,2.0,0.54722685
56,1.75,0.0,0.6081429
56,1.75,0.25,0.6014153
56,1.75,0.5,0.6329574
56,1.75,0.75,0.6304765
56,1.75,1.0,0.6318748
56,1.75,1.25,0.61148024
56,1.75,1.5,0.5968878
56,1.75,1.75,0.5974765
56,1.75,2.0,0.53698045
56,2.0,0.0,0.55614203
56,2.0,0.25,0.54899544
56,2.0,0.5,0.5802094
56,2.0,0.75,0.5826632
56,2.0,1.0,0.58220667
56,2.0,1.25,0.5591101
56,2.0,1.5,0.54722685
56,2.0,1.75,0.53698045
56,2.0,2.0,0.50785226
57,0.0,0.0,0.99999994
57,0.0,0.25,0.99999994
57,0.0,0.5,0.99999994
57,0.0,0.75,0.9116205
57,0.0,1.0,0.9556474
57,0.0,1.25,0.75678146
57,0.0,1.5,0.7395431
57,0.0,1.75,0.7414998
57,0.0,2.0,0.5196163
57,0.25,0.0,0.99999994
57,0.25,0.25,0.99999994
57,0.25,0.5,0.99999994
57,0.25,0.75,0.9116205
57,0.25,1.0,0.9556474
57,0.25,1.25,0.75678146
57,0.25,1.5,0.7395431
57,0.25,1.75,0.7414998
57,0.25,2.0,0.5196163
57,0.5,0.0,0.99999994
57,0.5,0.25,0.99999994
57,0.5,0.5,0.99999994
57,0.5,0.75,0.9116205
57,0.5,1.0,0.9556474
57,0.5,1.25,0.75678146
57,0.5,1.5,0.7395431
57,0.5,1.75,0.7414998
57,0.5,2.0,0.5196163
57,0.75,0.0,0.9116205
57,0.75,0.25,0.9116205
57,0.75,0.5,0.9116205
57,0.75,0.75,0.8585928
57,0.75,1.0,0.87514585
57,0.75,1.25,0.7388928
57,0.75,1.5,0.7176883
57,0.75,1.75,0.71716857
57,0.75,2.0,0.51370597
57,1.0,0.0,0.9556475
57,1.0,0.25,0.9556475
57,1.0,0.5,0.9556475
57,1.0,0.75,0.87514585
57,1.0,1.0,0.9178424
57,1.0,1.25,0.73583895
57,1.0,1.5,0.7190072
57,1.0,1.75,0.71954924
57,1.0,2.0,0.51388127
57,1.25,0.0,0.75678146
57,1.25,0.25,0.75678146
57,1.25,0.5,0.75678146
57,1.25,0.75,0.7388928
57,1.25,1.0,0.73583895
57,1.25,1.25,0.6811638
57,1.25,1.5,0.656684
57,1.25,1.75,0.6485997
57,1.25,2.0,0.5032137
57,1.5,0.0,0.73954314
57,1.5,0.25,0.73954314
57,1.5,0.5,0.73954314
57,1.5,0.75,0.7176882
57,1.5,1.0,0.7190072
57,1.5,1.25,0.656684
57,1.5,1.5,0.6515723
57,1.5,1.75,0.6430225
57,1.5,2.0,0.4860016
57,1.75,0.0,0.7414998
57,1.75,0.25,0.7414998
57,1.75,0.5,0.7414998
57,1.75,0.75,0.71716857
57,1.75,1.0,0.71954924
57,1.75,1.25,0.6485997
57,1.75,1.5,0.64302236
57,1.75,1.75,0.6460665
57,1.75,2.0,0.48135757
57,2.0,0.0,0.5196163
57,2.0,0.25,0.5196163
57,2.0,0.5,0.5196163
57,2.0,0.75,0.51370597
57,2.0,1.0,0.51388127
57,2.0,1.25,0.5032137
57,2.0,1.5,0.48600158
57,2.0,1.75,0.48135754
57,2.0,2.0,0.46557403
58,0.0,0.0,1.0
58,0.0,0.25,0.92892367
58,0.0,0.5,0.90523165
58,0.0,0.75,0.8578474
58,0.0,1.0,0.69200265
58,0.0,1.25,0.8105003
58,0.0,1.5,0.81046313
58,0.0,1.75,0.8314141
58,0.0,2.0,0.74187136
58,0.25,0.0,0.92892367
58,0.25,0.25,0.87917024
58,0.25,0.5,0.8625858
58,0.25,0.75,0.8294168
58,0.25,1.0,0.71332544
58,0.25,1.25,0.7957996
58,0.25,1.5,0.79624784
58,0.25,1.75,0.8100743
58,0.25,2.0,0.73309064
58,0.5,0.0,0.90523154
58,0.5,0.25,0.8625858
58,0.5,0.5,0.84837043
58,0.5,0.75,0.81994
58,0.5,1.0,0.72043306
58,0.5,1.25,0.79089934
58,0.5,1.5,0.7915094
58,0.5,1.75,0.80296105
58,0.5,2.0,0.7301639
58,0.75,0.0,0.8578473
58,0.75,0.25,0.8294168
58,0.75,0.5,0.81994
58,0.75,0.75,0.8009862
58,0.75,1.0,0.7346483
58,0.75,1.25,0.78109884
58,0.75,1.5,0.78203255
58,0.75,1.75,0.78873444
58,0.75,2.0,0.72431
58,1.0,0.0,0.69200253
58,1.0,0.25,0.7133253
58,1.0,0.5,0.72043306
58,1.0,0.75,0.7346483
58,1.0,1.0,0.7844017
58,1.0,1.25,0.7467972
58,1.0,1.5,0.7488635
58,1.0,1.75,0.73894167
58,1.0,2.0,0.70382196
58,1.25,0.0,0.8105003
58,1.25,0.25,0.7957996
58,1.25,0.5,0.79089934
58,1.25,0.75,0.78109884
58,1.25,1.0,0.7467971
58,1.25,1.25,0.770361
58,1.25,1.5,0.77129835
58,1.25,1.75,0.77373993
58,1.25,2.0,0.7172663
58,1.5,0.0,0.81046313
58,1.5,0.25,0.79624784
58,1.5,0.5,0.7915094
58,1.5,0.75,0.7820326
58,1.5,1.0,0.7488635
58,1.5,1.25,0.77129835
58,1.5,1.5,0.7725557
58,1.5,1.75,0.7745079
58,1.5,2.0,0.71845627
58,1.75,0.0,0.83141404
58,1.75,0.25,0.8100742
58,1.75,0.5,0.80296105
58,1.75,0.75,0.78873444
58,1.75,1.0,0.73894167
58,1.75,1.25,0.7737399
58,1.75,1.5,0.774508
58,1.75,1.75,0.77945346
58,1.75,2.0,0.71884274
58,2.0,0.0,0.74187136
58,2.0,0.25,0.73309064
58,2.0,0.5,0.7301638
58,2.0,0.75,0.72431
58,2.0,1.0,0.70382196
58,2.0,1.25,0.7172663
58,2.0,1.5,0.71845627
58,2.0,1.75,0.71884286
58,2.0,2.0,0.67660004
59,0.0,0.0,0.99999976
59,0.0,0.25,0.99999976
59,0.0,0.5,0.99999976
59,0.0,0.75,0.99999976
59,0.0,1.0,0.99999976
59,0.0,1.25,0.97966874
59,0.0,1.5,0.99999976
59,0.0,1.75,0.97941744
59,0.0,2.0,0.9808644
59,0.25,0.0,0.99999976
59,0.25,0.25,0.99999976
59,0.25,0.5,0.99999976
59,0.25,0.75,0.99999976
59,0.25,1.0,0.99999976
59,0.25,1.25,0.97966874
59,0.25,1.5,0.99999976
59,0.25,1.75,0.97941744
59,0.25,2.0,0.9808644
59,0.5,0.0,0.99999976
59,0.5,0.25,0.99999976
59,0.5,0.5,0.99999976
59,0.5,0.75,0.99999976
59,0.5,1.0,0.99999976
59,0.5,1.25,0.97966874
59,0.5,1.5,0.99999976
59,0.5,1.75,0.97941744
59,0.5,2.0,0.9808644
59,0.75,0.0,0.99999976
59,0.75,0.25,0.99999976
59,0.75,0.5,0.99999976
59,0.75,0.75,0.99999976
59,0.75,1.0,0.99999976
59,0.75,1.25,0.97966874
59,0.75,1.5,0.99999976
59,0.75,1.75,0.97941744
59,0.75,2.0,0.9808644
59,1.0,0.0,0.99999976
59,1.0,0.25,0.99999976
59,1.0,0.5,0.99999976
59,1.0,0.75,0.99999976
59,1.0,1.0,0.99999976
59,1.0,1.25,0.97966874
59,1.0,1.5,0.99999976
59,1.0,1.75,0.97941744
59,1.0,2.0,0.9808644
59,1.25,0.0,0.97966874
59,1.25,0.25,0.97966874
59,1.25,0.5,0.97966874
59,1.25,0.75,0.97966874
59,1.25,1.0,0.97966874
59,1.25,1.25,0.9618355
59,1.25,1.5,0.97966874
59,1.25,1.75,0.96029663
59,1.25,2.0,0.9617121
59,1.5,0.0,0.99999976
59,1.5,0.25,0.99999976
59,1.5,0.5,0.99999976
59,1.5,0.75,0.99999976
59,1.5,1.0,0.99999976
59,1.5,1.25,0.97966874
59,1.5,1.5,0.99999976
59,1.5,1.75,0.97941744
59,1.5,2.0,0.9808644
59,1.75,0.0,0.97941744
59,1.75,0.25,0.97941744
59,1.75,0.5,0.97941744
59,1.75,0.75,0.97941744
59,1.75,1.0,0.97941744
59,1.75,1.25,0.9602967
59,1.75,1.5,0.97941744
59,1.75,1.75,0.9611977
59,1.75,2.0,0.9609922
59,2.0,0.0,0.9808644
59,2.0,0.25,0.9808644
59,2.0,0.5,0.9808644
59,2.0,0.75,0.9808644
59,2.0,1.0,0.9808644
59,2.0,1.25,0.96171206
59,2.0,1.5,0.9808644
59,2.0,1.75,0.9609921
59,2.0,2.0,0.96388185
60,0.0,0.0,0.99999994
60,0.0,0.25,0.99999994
60,0.0,0.5,0.99706674
60,0.0,0.75,0.97182137
60,0.0,1.0,0.97927475
60,0.0,1.25,0.9491683
60,0.0,1.5,0.8913019
60,0.0,1.75,0.8644203
60,0.0,2.0,0.89002275
60,0.25,0.0,0.99999994
60,0.25,0.25,0.99999994
60,0.25,0.5,0.99706674
60,0.25,0.75,0.97182137
60,0.25,1.0,0.97927475
60,0.25,1.25,0.9491683
60,0.25,1.5,0.8913019
60,0.25,1.75,0.8644203
60,0.25,2.0,0.89002275
60,0.5,0.0,0.9970667
60,0.5,0.25,0.9970667
60,0.5,0.5,0.9944269
60,0.5,0.75,0.96952474
60,0.5,1.0,0.977263
60,0.5,1.25,0.9486536
60,0.5,1.5,0.89041954
60,0.5,1.75,0.86488885
60,0.5,2.0,0.88915163
60,0.75,0.0,0.97182137
60,0.75,0.25,0.97182137
60,0.75,0.5,0.96952486
60,0.75,0.75,0.9496718
60,0.75,1.0,0.95507944
60,0.75,1.25,0.93213046
60,0.75,1.5,0.8852662
60,0.75,1.75,0.8604137
60,0.75,2.0,0.875448
60,1.0,0.0,0.97927475
60,1.0,0.25,0.97927475
60,1.0,0.5,0.977263
60,1.0,0.75,0.9550795
60,1.0,1.0,0.96308374
60,1.0,1.25,0.93889725
60,1.0,1.5,0.88505965
60,1.0,1.75,0.86215436
60,1.0,2.0,0.8801362
60,1.25,0.0,0.9491684
60,1.25,0.25,0.9491684
60,1.25,0.5,0.9486536
60,1.25,0.75,0.93213046
60,1.25,1.0,0.93889725
60,1.25,1.25,0.92638975
60,1.25,1.5,0.88053435
60,1.25,1.75,0.8640381
60,1.25,2.0,0.86832964
60,1.5,0.0,0.8913019
60,1.5,0.25,0.8913019
60,1.5,0.5,0.89041954
60,1.5,0.75,0.8852661
60,1.5,1.0,0.88505965
60,1.5,1.25,0.88053435
60,1.5,1.5,0.8672847
60,1.5,1.75,0.84531385
60,1.5,2.0,0.83186966
60,1.75,0.0,0.8644204
60,1.75,0.25,0.8644204
60,1.75,0.5,0.86488885
60,1.75,0.75,0.8604137
60,1.75,1.0,0.86215436
60,1.75,1.25,0.864038
60,1.75,1.5,0.84531385
60,1.75,1.75,0.83414096
60,1.75,2.0,0.8161596
60,2.0,0.0,0.89002275
60,2.0,0.25,0.89002275
60,2.0,0.5,0.88915163
60,2.0,0.75,0.875448
60,2.0,1.0,0.88013625
60,2.0,1.25,0.86832964
60,2.0,1.5,0.83186966
60,2.0,1.75,0.8161596
60,2.0,2.0,0.824157
61,0.0,0.0,1.0000002
61,0.0,0.25,1.0000002
61,0.0,0.5,1.0000002
61,0.0,0.75,1.0000002
61,0.0,1.0,1.0000002
61,0.0,1.25,1.0000002
61,0.0,1.5,0.99096143
61,0.0,1.75,0.93655074
61,0.0,2.0,0.9449087
61,0.25,0.0,1.0000002
61,0.25,0.25,1.0000002
61,0.25,0.5,1.0000002
61,0.25,0.75,1.0000002
61,0.25,1.0,1.0000002
61,0.25,1.25,1.0000002
61,0.25,1.5,0.99096143
61,0.25,1.75,0.93655074
61,0.25,2.0,0.9449087
61,0.5,0.0,1.0000002
61,0.5,0.25,1.0000002
61,0.5,0.5,1.0000002
61,0.5,0.75,1.0000002
61,0.5,1.0,1.0000002
61,0.5,1.25,1.0000002
61,0.5,1.5,0.99096143
61,0.5,1.75,0.93655074
61,0.5,2.0,0.9449087
61,0.75,0.0,1.0000002
61,0.75,0.25,1.0000002
61,0.75,0.5,1.0000002
61,0.75,0.75,1.0000002
61,0.75,1.0,1.0000002
61,0.75,1.25,1.0000002
61,0.75,1.5,0.99096143
61,0.75,1.75,0.93655074
61,0.75,2.0,0.9449087
61,1.0,0.0,1.0000002
61,1.0,0.25,1.0000002
61,1.0,0.5,1.0000002
61,1.0,0.75,1.0000002
61,1.0,1.0,1.0000002
61,1.0,1.25,1.0000002
61,1.0,1.5,0.99096143
61,1.0,1.75,0.93655074
61,1.0,2.0,0.9449087
61,1.25,0.0,1.0000002
61,1.25,0.25,1.0000002
61,1.25,0.5,1.0000002
61,1.25,0.75,1.0000002
61,1.25,1.0,1.0000002
61,1.25,1.25,1.0000002
61,1.25,1.5,0.99096143
61,1.25,1.75,0.93655074
61,1.25,2.0,0.9449087
61,1.5,0.0,0.99096143
61,1.5,0.25,0.99096143
61,1.5,0.5,0.99096143
61,1.5,0.75,0.99096143
61,1.5,1.0,0.99096143
61,1.5,1.25,0.99096143
61,1.5,1.5,0.98282653
61,1.5,1.75,0.927693
61,1.5,2.0,0.9360329
61,1.75,0.0,0.93655074
61,1.75,0.25,0.93655074
61,1.75,0.5,0.93655074
61,1.75,0.75,0.93655074
61,1.75,1.0,0.93655074
61,1.75,1.25,0.93655074
61,1.75,1.5,0.927693
61,1.75,1.75,0.88433754
61,1.75,2.0,0.88759154
61,2.0,0.0,0.94490874
61,2.0,0.25,0.94490874
61,2.0,0.5,0.94490874
61,2.0,0.75,0.94490874
61,2.0,1.0,0.94490874
61,2.0,1.25,0.94490874
61,2.0,1.5,0.9360329
61,2.0,1.75,0.88759154
61,2.0,2.0,0.89743173
62,0.0,0.0,0.9501188
62,0.0,0.25,0.950474
62,0.0,0.5,0.9426693
62,0.0,0.75,0.8958792
62,0.0,1.0,0.87844765
62,0.0,1.25,0.8842362
62,0.0,1.5,0.8619907
62,0.0,1.75,0.8683231
62,0.0,2.0,0.681906
62,0.25,0.0,0.95047396
62,0.25,0.25,0.9550098
62,0.25,0.5,0.9386255
62,0.25,0.75,0.8923154
62,0.25,1.0,0.87946475
62,0.25,1.25,0.88536453
62,0.25,1.5,0.85979724
62,0.25,1.75,0.8695686
62,0.25,2.0,0.68648475
62,0.5,0.0,0.9426693
62,0.5,0.25,0.9386254
62,0.5,0.5,0.94158906
62,0.5,0.75,0.89860076
62,0.5,1.0,0.87608373
62,0.5,1.25,0.8800774
62,0.5,1.5,0.860672
62,0.5,1.75,0.8645889
62,0.5,2.0,0.671523
62,0.75,0.0,0.8958792
62,0.75,0.25,0.8923154
62,0.75,0.5,0.89860076
62,0.75,0.75,0.87900347
62,0.75,1.0,0.8584286
62,0.75,1.25,0.85232085
62,0.75,1.5,0.83350784
62,0.75,1.75,0.8403511
62,0.75,2.0,0.6489624
62,1.0,0.0,0.8784477
62,1.0,0.25,0.8794646
62,1.0,0.5,0.87608373
62,1.0,0.75,0.8584286
62,1.0,1.0,0.84505457
62,1.0,1.25,0.83753127
62,1.0,1.5,0.81588143
62,1.0,1.75,0.82588303
62,1.0,2.0,0.6472442
62,1.25,0.0,0.8842363
62,1.25,0.25,0.8853645
62,1.25,0.5,0.8800774
62,1.25,0.75,0.85232073
62,1.25,1.0,0.8375312
62,1.25,1.25,0.84076864
62,1.25,1.5,0.8162422
62,1.25,1.75,0.82792073
62,1.25,2.0,0.64520293
62,1.5,0.0,0.8619907
62,1.5,0.25,0.85979724
62,1.5,0.5,0.86067206
62,1.5,0.75,0.8335079
62,1.5,1.0,0.81588143
62,1.5,1.25,0.81624216
62,1.5,1.5,0.8010603
62,1.5,1.75,0.8060295
62,1.5,2.0,0.6342273
62,1.75,0.0,0.8683231
62,1.75,0.25,0.8695686
62,1.75,0.5,0.8645889
62,1.75,0.75,0.8403511
62,1.75,1.0,0.82588303
62,1.75,1.25,0.82792085
62,1.75,1.5,0.8060295
62,1.75,1.75,0.8213808
62,1.75,2.0,0.63962656
62,2.0,0.0,0.681906
62,2.0,0.25,0.6864848
62,2.0,0.5,0.67152303
62,2.0,0.75,0.6489624
62,2.0,1.0,0.6472442
62,2.0,1.25,0.64520293
62,2.0,1.5,0.63422734
62,2.0,1.75,0.63962656
62,2.0,2.0,0.5620073
63,0.0,0.0,0.9265541
63,0.0,0.25,0.7178127
63,0.0,0.5,0.65531015
63,0.0,0.75,0.64823234
63,0.0,1.0,0.7178127
63,0.0,1.25,0.62015796
63,0.0,1.5,0.6356413
63,0.0,1.75,0.72265077
63,0.0,2.0,0.540003
63,0.25,0.0,0.7178128
63,0.25,0.25,0.6482323
63,0.25,0.5,0.62605834
63,0.25,0.75,0.62503886
63,0.25,1.0,0.6482323
63,0.25,1.25,0.6112649
63,0.25,1.5,0.61841863
63,0.25,1.75,0.6337006
63,0.25,2.0,0.5410541
63,0.5,0.0,0.65531003
63,0.5,0.25,0.62605834
63,0.5,0.5,0.6165185
63,0.5,0.75,0.61630774
63,0.5,1.0,0.62605834
63,0.5,1.25,0.60824823
63,0.5,1.5,0.6128271
63,0.5,1.75,0.60688245
63,0.5,2.0,0.5446297
63,0.75,0.0,0.6482323
63,0.75,0.25,0.62503886
63,0.75,0.5,0.61630774
63,0.75,0.75,0.61730766
63,0.75,1.0,0.62503886
63,0.75,1.25,0.60830045
63,0.75,1.5,0.61267775
63,0.75,1.75,0.6040505
63,0.75,2.0,0.5414045
63,1.0,0.0,0.7178128
63,1.0,0.25,0.6482323
63,1.0,0.5,0.62605834
63,1.0,0.75,0.6250388
63,1.0,1.0,0.6482323
63,1.0,1.25,0.6112649
63,1.0,1.5,0.61841863
63,1.0,1.75,0.63370055
63,1.0,2.0,0.5410541
63,1.25,0.0,0.62015796
63,1.25,0.25,0.6112649
63,1.25,0.5,0.6082482
63,1.25,0.75,0.6083005
63,1.25,1.0,0.6112649
63,1.25,1.25,0.6039789
63,1.25,1.5,0.60716224
63,1.25,1.75,0.5900495
63,1.25,2.0,0.54415405
63,1.5,0.0,0.6356413
63,1.5,0.25,0.61841863
63,1.5,0.5,0.61282724
63,1.5,0.75,0.61267775
63,1.5,1.0,0.61841863
63,1.5,1.25,0.6071622
63,1.5,1.5,0.61264145
63,1.5,1.75,0.60100114
63,1.5,2.0,0.54659444
63,1.75,0.0,0.72265077
63,1.75,0.25,0.63370055
63,1.75,0.5,0.6068824
63,1.75,0.75,0.6040505
63,1.75,1.0,0.63370055
63,1.75,1.25,0.59004945
63,1.75,1.5,0.601001
63,1.75,1.75,0.63186806
63,1.75,2.0,0.52597946
63,2.0,0.0,0.54000294
63,2.0,0.25,0.54105407
63,2.0,0.5,0.5446297
63,2.0,0.75,0.5414045
63,2.0,1.0,0.5410541
63,2.0,1.25,0.544154
63,2.0,1.5,0.54659444
63,2.0,1.75,0.52597946
63,2.0,2.0,0.5251542
64,0.0,0.0,1.0
64,0.0,0.25,1.0
64,0.0,0.5,0.9738913
64,0.0,0.75,0.9733194
64,0.0,1.0,0.86872405
64,0.0,1.25,0.87644255
64,0.0,1.5,0.7684763
64,0.0,1.75,0.7528099
64,0.0,2.0,0.64873064
64,0.25,0.0,1.0
64,0.25,0.25,1.0
64,0.25,0.5,0.9738913
64,0.25,0.75,0.9733194
64,0.25,1.0,0.86872405
64,0.25,1.25,0.87644255
64,0.25,1.5,0.7684763
64,0.25,1.75,0.7528099
64,0.25,2.0,0.64873064
64,0.5,0.0,0.9738913
64,0.5,0.25,0.9738913
64,0.5,0.5,0.9503935
64,0.5,0.75,0.94989395
64,0.5,1.0,0.8557137
64,0.5,1.25,0.8615137
64,0.5,1.5,0.76443344
64,0.5,1.75,0.7508561
64,0.5,2.0,0.65238655
64,0.75,0.0,0.9733194
64,0.75,0.25,0.9733194
64,0.75,0.5,0.94989395
64,0.75,0.75,0.9494516
64,0.75,1.0,0.8555218
64,0.75,1.25,0.8613704
64,0.75,1.5,0.7647084
64,0.75,1.75,0.7511128
64,0.75,2.0,0.6527247
64,1.0,0.0,0.86872405
64,1.0,0.25,0.86872405
64,1.0,0.5,0.8557138
64,1.0,0.75,0.8555218
64,1.0,1.0,0.8032121
64,1.0,1.25,0.80134463
64,1.0,1.5,0.74798065
64,1.0,1.75,0.7427922
64,1.0,2.0,0.66694564
64,1.25,0.0,0.87644255
64,1.25,0.25,0.87644255
64,1.25,0.5,0.8615137
64,1.25,0.75,0.8613704
64,1.25,1.0,0.80134463
64,1.25,1.25,0.8030777
64,1.25,1.5,0.74009997
64,1.25,1.75,0.73290926
64,1.25,2.0,0.65450025
64,1.5,0.0,0.7684764
64,1.5,0.25,0.7684764
64,1.5,0.5,0.7644335
64,1.5,0.75,0.7647084
64,1.5,1.0,0.74798083
64,1.5,1.25,0.74009997
64,1.5,1.5,0.72661406
64,1.5,1.75,0.72682005
64,1.5,2.0,0.67292804
64,1.75,0.0,0.7528099
64,1.75,0.25,0.7528099
64,1.75,0.5,0.75085616
64,1.75,0.75,0.7511128
64,1.75,1.0,0.7427922
64,1.75,1.25,0.7329093
64,1.75,1.5,0.72682005
64,1.75,1.75,0.7305277
64,1.75,2.0,0.6789447
64,2.0,0.0,0.64873064
64,2.0,0.25,0.64873064
64,2.0,0.5,0.65238655
64,2.0,0.75,0.6527247
64,2.0,1.0,0.66694564
64,2.0,1.25,0.6545002
64,2.0,1.5,0.6729281
64,2.0,1.75,0.6789447
64,2.0,2.0,0.6531181
65,0.0,0.0,1.0
65,0.0,0.25,1.0
65,0.0,0.5,0.903232
65,0.0,0.75,0.8543538
65,0.0,1.0,0.8653759
65,0.0,1.25,0.6499264
65,0.0,1.5,0.65761316
65,0.0,1.75,0.58761483
65,0.0,2.0,0.53225005
65,0.25,0.0,1.0
65,0.25,0.25,1.0
65,0.25,0.5,0.903232
65,0.25,0.75,0.8543538
65,0.25,1.0,0.8653759
65,0.25,1.25,0.6499264
65,0.25,1.5,0.65761316
65,0.25,1.75,0.58761483
65,0.25,2.0,0.53225005
65,0.5,0.0,0.903232
65,0.5,0.25,0.903232
65,0.5,0.5,0.8358942
65,0.5,0.75,0.8006302
65,0.5,1.0,0.8025046
65,0.5,1.25,0.63691735
65,0.5,1.5,0.651338
65,0.5,1.75,0.5779631
65,0.5,2.0,0.5224439
65,0.75,0.0,0.8543537
65,0.75,0.25,0.8543537
65,0.75,0.5,0.8006302
65,0.75,0.75,0.7749884
65,0.75,1.0,0.7721655
65,0.75,1.25,0.63504833
65,0.75,1.5,0.6507821
65,0.75,1.75,0.57824767
65,0.75,2.0,0.521458
65,1.0,0.0,0.865376
65,1.0,0.25,0.865376
65,1.0,0.5,0.8025046
65,1.0,0.75,0.77216554
65,1.0,1.0,0.77725303
65,1.0,1.25,0.6252729
65,1.0,1.5,0.6406703
65,1.0,1.75,0.56907415
65,1.0,2.0,0.52220756
65,1.25,0.0,0.6499264
65,1.25,0.25,0.6499264
65,1.25,0.5,0.63691735
65,1.25,0.75,0.6350484
65,1.25,1.0,0.6252729
65,1.25,1.25,0.5845332
65,1.25,1.5,0.59064883
65,1.25,1.75,0.5388216
65,1.25,2.0,0.49227235
65,1.5,0.0,0.6576132
65,1.5,0.25,0.6576132
65,1.5,0.5,0.651338
65,1.5,0.75,0.6507821
65,1.5,1.0,0.6406703
65,1.5,1.25,0.5906488
65,1.5,1.5,0.62862045
65,1.5,1.75,0.54290694
65,1.5,2.0,0.5084866
65,1.75,0.0,0.58761483
65,1.75,0.25,0.58761483
65,1.75,0.5,0.5779631
65,1.75,0.75,0.5782477
65,1.75,1.0,0.5690742
65,1.75,1.25,0.5388216
65,1.75,1.5,0.54290694
65,1.75,1.75,0.5101071
65,1.75,2.0,0.46043724
65,2.0,0.0,0.53225005
65,2.0,0.25,0.53225005
65,2.0,0.5,0.52244395
65,2.0,0.75,0.521458
65,2.0,1.0,0.52220756
65,2.0,1.25,0.49227235
65,2.0,1.5,0.5084866
65,2.0,1.75,0.46043724
65,2.0,2.0,0.4686534
66,0.0,0.0,0.99999994
66,0.0,0.25,0.8874937
66,0.0,0.5,0.9243214
66,0.0,0.75,0.83918196
66,0.0,1.0,0.8803871
66,0.0,1.25,0.88862836
66,0.0,1.5,0.8527489
66,0.0,1.75,0.86501944
66,0.0,2.0,0.75582474
66,0.25,0.0,0.8874937
66,0.25,0.25,0.82427347
66,0.25,0.5,0.849733
66,0.25,0.75,0.7678828
66,0.25,1.0,0.81508684
66,0.25,1.25,0.82157016
66,0.25,1.5,0.78490674
66,0.25,1.75,0.8063554
66,0.25,2.0,0.69060355
66,0.5,0.0,0.9243214
66,0.5,0.25,0.8497329
66,0.5,0.5,0.87891436
66,0.5,0.75,0.7901957
66,0.5,1.0,0.8400473
66,0.5,1.25,0.8477021
66,0.5,1.5,0.808385
66,0.5,1.75,0.8306505
66,0.5,2.0,0.70873797
66,0.75,0.0,0.83918196
66,0.75,0.25,0.7678828
66,0.75,0.5,0.79019576
66,0.75,0.75,0.7419933
66,0.75,1.0,0.7649229
66,0.75,1.25,0.7666525
66,0.75,1.5,0.7469656
66,0.75,1.75,0.75166106
66,0.75,2.0,0.6765213
66,1.0,0.0,0.8803871
66,1.0,0.25,0.8150869
66,1.0,0.5,0.8400473
66,1.0,0.75,0.7649229
66,1.0,1.0,0.80790055
66,1.0,1.25,0.8122853
66,1.0,1.5,0.77901673
66,1.0,1.75,0.79696244
66,1.0,2.0,0.69083184
66,1.25,0.0,0.8886285
66,1.25,0.25,0.82157004
66,1.25,0.5,0.8477022
66,1.25,0.75,0.7666525
66,1.25,1.0,0.8122855
66,1.25,1.25,0.820336
66,1.25,1.5,0.78362226
66,1.25,1.75,0.80372864
66,1.25,2.0,0.6900806
66,1.5,0.0,0.8527489
66,1.5,0.25,0.7849067
66,1.5,0.5,0.808385
66,1.5,0.75,0.74696547
66,1.5,1.0,0.77901673
66,1.5,1.25,0.78362226
66,1.5,1.5,0.7592917
66,1.5,1.75,0.7692894
66,1.5,2.0,0.6790248
66,1.75,0.0,0.8650194
66,1.75,0.25,0.8063554
66,1.75,0.5,0.8306505
66,1.75,0.75,0.75166106
66,1.75,1.0,0.79696244
66,1.75,1.25,0.80372864
66,1.75,1.5,0.7692895
66,1.75,1.75,0.7913249
66,1.75,2.0,0.67688584
66,2.0,0.0,0.75582474
66,2.0,0.25,0.6906036
66,2.0,0.5,0.708738
66,2.0,0.75,0.6765213
66,2.0,1.0,0.69083184
66,2.0,1.25,0.6900806
66,2.0,1.5,0.6790248
66,2.0,1.75,0.67688584
66,2.0,2.0,0.6384868
67,0.0,0.0,1.0000002
67,0.0,0.25,1.0000002
67,0.0,0.5,0.97174966
67,0.0,0.75,0.9138347
67,0.0,1.0,0.93888736
67,0.0,1.25,0.93465155
67,0.0,1.5,0.8384814
67,0.0,1.75,0.8121701
67,0.0,2.0,0.81324035
67,0.25,0.0,1.0000002
67,0.25,0.25,1.0000002
67,0.25,0.5,0.97174966
67,0.25,0.75,0.9138347
67,0.25,1.0,0.93888736
67,0.25,1.25,0.93465155
67,0.25,1.5,0.8384814
67,0.25,1.75,0.8121702
67,0.25,2.0,0.81324035
67,0.5,0.0,0.97174954
67,0.5,0.25,0.97174954
67,0.5,0.5,0.9491492
67,0.5,0.75,0.89412934
67,0.5,1.0,0.9139249
67,0.5,1.25,0.91117114
67,0.5,1.5,0.83066744
67,0.5,1.75,0.8009526
67,0.5,2.0,0.80001366
67,0.75,0.0,0.91383475
67,0.75,0.25,0.91383475
67,0.75,0.5,0.89412934
67,0.75,0.75,0.86108446
67,0.75,1.0,0.87724113
67,0.75,1.25,0.8726346
67,0.75,1.5,0.80605185
67,0.75,1.75,0.7777899
67,0.75,2.0,0.77882403
67,1.0,0.0,0.93888736
67,1.0,0.25,0.93888736
67,1.0,0.5,0.9139248
67,1.0,0.75,0.8772411
67,1.0,1.0,0.9078894
67,1.0,1.25,0.8977321
67,1.0,1.5,0.81837356
67,1.0,1.75,0.79796964
67,1.0,2.0,0.79536414
67,1.25,0.0,0.9346516
67,1.25,0.25,0.9346516
67,1.25,0.5,0.91117114
67,1.25,0.75,0.8726346
67,1.25,1.0,0.89773214
67,1.25,1.25,0.89108056
67,1.25,1.5,0.813091
67,1.25,1.75,0.7901671
67,1.25,2.0,0.7890006
67,1.5,0.0,0.8384814
67,1.5,0.25,0.8384814
67,1.5,0.5,0.83066744
67,1.5,0.75,0.8060518
67,1.5,1.0,0.81837344
67,1.5,1.25,0.813091
67,1.5,1.5,0.783499
67,1.5,1.75,0.75266355
67,1.5,2.0,0.7459111
67,1.75,0.0,0.8121701
67,1.75,0.25,0.8121701
67,1.75,0.5,0.8009526
67,1.75,0.75,0.7777899
67,1.75,1.0,0.79796964
67,1.75,1.25,0.79016715
67,1.75,1.5,0.75266355
67,1.75,1.75,0.7340763
67,1.75,2.0,0.7235321
67,2.0,0.0,0.81324035
67,2.0,0.25,0.81324035
67,2.0,0.5,0.80001366
67,2.0,0.75,0.77882403
67,2.0,1.0,0.7953642
67,2.0,1.25,0.7890006
67,2.0,1.5,0.7459111
67,2.0,1.75,0.7235321
67,2.0,2.0,0.7266364
68,0.0,0.0,1.0
68,0.0,0.25,1.0
68,0.0,0.5,1.0
68,0.0,0.75,0.9640007
68,0.0,1.0,0.99235934
68,0.0,1.25,0.98412424
68,0.0,1.5,0.99235934
68,0.0,1.75,0.94280887
68,0.0,2.0,0.86363167
68,0.25,0.0,1.0
68,0.25,0.25,1.0
68,0.25,0.5,1.0
68,0.25,0.75,0.9640007
68,0.25,1.0,0.99235934
68,0.25,1.25,0.98412424
68,0.25,1.5,0.99235934
68,0.25,1.75,0.94280887
68,0.25,2.0,0.86363167
68,0.5,0.0,1.0
68,0.5,0.25,1.0
68,0.5,0.5,1.0
68,0.5,0.75,0.9640007
68,0.5,1.0,0.99235934
68,0.5,1.25,0.98412424
68,0.5,1.5,0.99235934
68,0.5,1.75,0.94280887
68,0.5,2.0,0.86363167
68,0.75,0.0,0.9640007
68,0.75,0.25,0.9640007
68,0.75,0.5,0.9640007
68,0.75,0.75,0.9388013
68,0.75,1.0,0.9576613
68,0.75,1.25,0.95324254
68,0.75,1.5,0.9576613
68,0.75,1.75,0.91847944
68,0.75,2.0,0.8393839
68,1.0,0.0,0.99235934
68,1.0,0.25,0.99235934
68,1.0,0.5,0.99235934
68,1.0,0.75,0.9576613
68,1.0,1.0,0.98548263
68,1.0,1.25,0.9769328
68,1.0,1.5,0.98548263
68,1.0,1.75,0.9364613
68,1.0,2.0,0.8599132
68,1.25,0.0,0.98412424
68,1.25,0.25,0.98412424
68,1.25,0.5,0.98412424
68,1.25,0.75,0.95324254
68,1.25,1.0,0.9769328
68,1.25,1.25,0.9708478
68,1.25,1.5,0.9769328
68,1.25,1.75,0.93271136
68,1.25,2.0,0.85250586
68,1.5,0.0,0.9923592
68,1.5,0.25,0.9923592
68,1.5,0.5,0.9923592
68,1.5,0.75,0.9576613
68,1.5,1.0,0.98548263
68,1.5,1.25,0.9769328
68,1.5,1.5,0.98548263
68,1.5,1.75,0.93646127
68,1.5,2.0,0.8599132
68,1.75,0.0,0.94280887
68,1.75,0.25,0.94280887
68,1.75,0.5,0.94280887
68,1.75,0.75,0.91847944
68,1.75,1.0,0.9364613
68,1.75,1.25,0.93271136
68,1.75,1.5,0.9364613
68,1.75,1.75,0.9008775
68,1.75,2.0,0.82232827
68,2.0,0.0,0.86363167
68,2.0,0.25,0.86363167
68,2.0,0.5,0.86363167
68,2.0,0.75,0.83938384
68,2.0,1.0,0.8599132
68,2.0,1.25,0.8525058
68,2.0,1.5,0.8599132
68,2.0,1.75,0.8223282
68,2.0,2.0,0.76879996
69,0.0,0.0,1.0000001
69,0.0,0.25,1.0000001
69,0.0,0.5,1.0000001
69,0.0,0.75,0.96706605
69,0.0,1.0,0.96706605
69,0.0,1.25,0.9087862
69,0.0,1.5,0.916999
69,0.0,1.75,0.8311418
69,0.0,2.0,0.6427847
69,0.25,0.0,1.0000001
69,0.25,0.25,1.0000001
69,0.25,0.5,1.0000001
69,0.25,0.75,0.96706605
69,0.25,1.0,0.96706605
69,0.25,1.25,0.9087862
69,0.25,1.5,0.916999
69,0.25,1.75,0.8311418
69,0.25,2.0,0.6427847
69,0.5,0.0,1.0000001
69,0.5,0.25,1.0000001
69,0.5,0.5,1.0000001
69,0.5,0.75,0.96706605
69,0.5,1.0,0.96706605
69,0.5,1.25,0.9087862
69,0.5,1.5,0.916999
69,0.5,1.75,0.8311418
69,0.5,2.0,0.6427847
69,0.75,0.0,0.96706605
69,0.75,0.25,0.96706605
69,0.75,0.5,0.96706605
69,0.75,0.75,0.9407188
69,0.75,1.0,0.9407188
69,0.75,1.25,0.8911007
69,0.75,1.5,0.89976335
69,0.75,1.75,0.820952
69,0.75,2.0,0.6389421
69,1.0,0.0,0.96706605
69,1.0,0.25,0.96706605
69,1.0,0.5,0.96706605
69,1.0,0.75,0.9407188
69,1.0,1.0,0.9407188
69,1.0,1.25,0.8911007
69,1.0,1.5,0.89976335
69,1.0,1.75,0.820952
69,1.0,2.0,0.6389421
69,1.25,0.0,0.90878606
69,1.25,0.25,0.90878606
69,1.25,0.5,0.90878606
69,1.25,0.75,0.89110065
69,1.25,1.0,0.89110065
69,1.25,1.25,0.8601497
69,1.25,1.5,0.8698776
69,1.25,1.75,0.8067189
69,1.25,2.0,0.6308962
69,1.5,0.0,0.916999
69,1.5,0.25,0.916999
69,1.5,0.5,0.916999
69,1.5,0.75,0.8997634
69,1.5,1.0,0.8997634
69,1.5,1.25,0.86987764
69,1.5,1.5,0.88125306
69,1.5,1.75,0.8194382
69,1.5,2.0,0.6378571
69,1.75,0.0,0.8311417
69,1.75,0.25,0.8311417
69,1.75,0.5,0.8311417
69,1.75,0.75,0.82095194
69,1.75,1.0,0.82095194
69,1.75,1.25,0.8067188
69,1.75,1.5,0.81943834
69,1.75,1.75,0.784158
69,1.75,2.0,0.60717994
69,2.0,0.0,0.6427847
69,2.0,0.25,0.6427847
69,2.0,0.5,0.6427847
69,2.0,0.75,0.6389421
69,2.0,1.0,0.6389421
69,2.0,1.25,0.6308963
69,2.0,1.5,0.6378572
69,2.0,1.75,0.60718
69,2.0,2.0,0.5217674
70,0.0,0.0,0.99999994
70,0.0,0.25,0.99999994
70,0.0,0.5,0.9784935
70,0.0,0.75,0.97697085
70,0.0,1.0,0.8964362
70,0.0,1.25,0.9198851
70,0.0,1.5,0.8825502
70,0.0,1.75,0.86648446
70,0.0,2.0,0.81716
70,0.25,0.0,0.99999994
70,0.25,0.25,0.99999994
70,0.25,0.5,0.9784935
70,0.25,0.75,0.97697085
70,0.25,1.0,0.8964362
70,0.25,1.25,0.9198851
70,0.25,1.5,0.8825502
70,0.25,1.75,0.86648446
70,0.25,2.0,0.81716
70,0.5,0.0,0.9784935
70,0.5,0.25,0.9784935
70,0.5,0.5,0.9612884
70,0.5,0.75,0.9598901
70,0.5,1.0,0.89588594
70,0.5,1.25,0.91406995
70,0.5,1.5,0.8811095
70,0.5,1.75,0.86598635
70,0.5,2.0,0.8102983
70,0.75,0.0,0.97697085
70,0.75,0.25,0.97697085
70,0.75,0.5,0.95989007
70,0.75,0.75,0.9586441
70,0.75,1.0,0.89509606
70,0.75,1.25,0.91301817
70,0.75,1.5,0.8804717
70,0.75,1.75,0.8653212
70,0.75,2.0,0.8096654
70,1.0,0.0,0.8964362
70,1.0,0.25,0.8964362
70,1.0,0.5,0.8958858
70,1.0,0.75,0.89509606
70,1.0,1.0,0.8957942
70,1.0,1.25,0.893129
70,1.0,1.5,0.87720734
70,1.0,1.75,0.86626726
70,1.0,2.0,0.7849569
70,1.25,0.0,0.9198851
70,1.25,0.25,0.9198851
70,1.25,0.5,0.9140699
70,1.25,0.75,0.91301817
70,1.25,1.0,0.893129
70,1.25,1.25,0.8974467
70,1.25,1.5,0.8758763
70,1.25,1.75,0.8634774
70,1.25,2.0,0.79070175
70,1.5,0.0,0.8825502
70,1.5,0.25,0.8825502
70,1.5,0.5,0.8811095
70,1.5,0.75,0.8804718
70,1.5,1.0,0.87720734
70,1.5,1.25,0.87587625
70,1.5,1.5,0.8613208
70,1.5,1.75,0.84895205
70,1.5,2.0,0.7751061
70,1.75,0.0,0.86648446
70,1.75,0.25,0.86648446
70,1.75,0.5,0.86598635
70,1.75,0.75,0.8653212
70,1.75,1.0,0.86626726
70,1.75,1.25,0.86347735
70,1.75,1.5,0.84895194
70,1.75,1.75,0.8403234
70,1.75,2.0,0.7650225
70,2.0,0.0,0.81716
70,2.0,0.25,0.81716
70,2.0,0.5,0.8102982
70,2.0,0.75,0.8096652
70,2.0,1.0,0.784957
70,2.0,1.25,0.79070175
70,2.0,1.5,0.7751061
70,2.0,1.75,0.7650225
70,2.0,2.0,0.7321248
71,0.0,0.0,1.0
71,0.0,0.25,0.973854
71,0.0,0.5,1.0
71,0.0,0.75,0.95343137
71,0.0,1.0,0.8354215
71,0.0,1.25,0.88458085
71,0.0,1.5,0.8253003
71,0.0,1.75,0.86129045
71,0.0,2.0,0.7568273
71,0.25,0.0,0.973854
71,0.25,0.25,0.95032257
71,0.25,0.5,0.973854
71,0.25,0.75,0.931299
71,0.25,1.0,0.82517946
71,0.25,1.25,0.86947817
71,0.25,1.5,0.8145613
71,0.25,1.75,0.8432394
71,0.25,2.0,0.7437218
71,0.5,0.0,1.0
71,0.5,0.25,0.973854
71,0.5,0.5,1.0
71,0.5,0.75,0.95343137
71,0.5,1.0,0.8354215
71,0.5,1.25,0.88458085
71,0.5,1.5,0.8253003
71,0.5,1.75,0.86129045
71,0.5,2.0,0.7568273
71,0.75,0.0,0.95343137
71,0.75,0.25,0.931299
71,0.75,0.5,0.95343137
71,0.75,0.75,0.9142853
71,0.75,1.0,0.81454927
71,0.75,1.25,0.85641515
71,0.75,1.5,0.8071689
71,0.75,1.75,0.83155197
71,0.75,2.0,0.73425585
71,1.0,0.0,0.8354215
71,1.0,0.25,0.82517946
71,1.0,0.5,0.8354215
71,1.0,0.75,0.81454927
71,1.0,1.0,0.77596754
71,1.0,1.25,0.7907514
71,1.0,1.5,0.76660675
71,1.0,1.75,0.75321573
71,1.0,2.0,0.67661697
71,1.25,0.0,0.88458085
71,1.25,0.25,0.86947817
71,1.25,0.5,0.88458085
71,1.25,0.75,0.85641515
71,1.25,1.0,0.7907515
71,1.25,1.25,0.8184981
71,1.25,1.5,0.7835608
71,1.25,1.75,0.78632706
71,1.25,2.0,0.7014277
71,1.5,0.0,0.8253004
71,1.5,0.25,0.8145613
71,1.5,0.5,0.8253004
71,1.5,0.75,0.8071689
71,1.5,1.0,0.76660675
71,1.5,1.25,0.7835609
71,1.5,1.5,0.7700384
71,1.5,1.75,0.75498384
71,1.5,2.0,0.6757695
71,1.75,0.0,0.86129045
71,1.75,0.25,0.8432394
71,1.75,0.5,0.86129045
71,1.75,0.75,0.83155197
71,1.75,1.0,0.75321573
71,1.75,1.25,0.78632706
71,1.75,1.5,0.75498384
71,1.75,1.75,0.77248675
71,1.75,2.0,0.6858194
71,2.0,0.0,0.7568273
71,2.0,0.25,0.7437218
71,2.0,0.5,0.7568273
71,2.0,0.75,0.73425585
71,2.0,1.0,0.67661697
71,2.0,1.25,0.7014277
71,2.0,1.5,0.67576957
71,2.0,1.75,0.6858194
71,2.0,2.0,0.62617195
72,0.0,0.0,0.99999994
72,0.0,0.25,0.99999994
72,0.0,0.5,0.99999994
72,0.0,0.75,0.99999994
72,0.0,1.0,0.99999994
72,0.0,1.25,0.99999994
72,0.0,1.5,0.90308225
72,0.0,1.75,0.97945726
72,0.0,2.0,0.96746445
72,0.25,0.0,0.99999994
72,0.25,0.25,0.99999994
72,0.25,0.5,0.99999994
72,0.25,0.75,0.99999994
72,0.25,1.0,0.99999994
72,0.25,1.25,0.99999994
72,0.25,1.5,0.90308225
72,0.25,1.75,0.97945726
72,0.25,2.0,0.96746445
72,0.5,0.0,0.99999994
72,0.5,0.25,0.99999994
72,0.5,0.5,0.99999994
72,0.5,0.75,0.99999994
72,0.5,1.0,0.99999994
72,0.5,1.25,0.99999994
72,0.5,1.5,0.90308225
72,0.5,1.75,0.97945726
72,0.5,2.0,0.96746445
72,0.75,0.0,0.99999994
72,0.75,0.25,0.99999994
72,0.75,0.5,0.99999994
72,0.75,0.75,0.99999994
72,0.75,1.0,0.99999994
72,0.75,1.25,0.99999994
72,0.75,1.5,0.90308225
72,0.75,1.75,0.97945726
72,0.75,2.0,0.96746445
72,1.0,0.0,0.99999994
72,1.0,0.25,0.99999994
72,1.0,0.5,0.99999994
72,1.0,0.75,0.99999994
72,1.0,1.0,0.99999994
72,1.0,1.25,0.99999994
72,1.0,1.5,0.90308225
72,1.0,1.75,0.97945726
72,1.0,2.0,0.96746445
72,1.25,0.0,0.99999994
72,1.25,0.25,0.99999994
72,1.25,0.5,0.99999994
72,1.25,0.75,0.99999994
72,1.25,1.0,0.99999994
72,1.25,1.25,0.99999994
72,1.25,1.5,0.90308225
72,1.25,1.75,0.97945726
72,1.25,2.0,0.96746445
72,1.5,0.0,0.90308225
72,1.5,0.25,0.90308225
72,1.5,0.5,0.90308225
72,1.5,0.75,0.90308225
72,1.5,1.0,0.90308225
72,1.5,1.25,0.90308225
72,1.5,1.5,0.8303931
72,1.5,1.75,0.8826015
72,1.5,2.0,0.8727019
72,1.75,0.0,0.97945726
72,1.75,0.25,0.97945726
72,1.75,0.5,0.97945726
72,1.75,0.75,0.97945726
72,1.75,1.0,0.97945726
72,1.75,1.25,0.97945726
72,1.75,1.5,0.8826015
72,1.75,1.75,0.96380544
72,1.75,2.0,0.95111936
72,2.0,0.0,0.96746445
72,2.0,0.25,0.96746445
72,2.0,0.5,0.96746445
72,2.0,0.75,0.96746445
72,2.0,1.0,0.96746445
72,2.0,1.25,0.96746445
72,2.0,1.5,0.8727019
72,2.0,1.75,0.95111936
72,2.0,2.0,0.94176596
73,0.0,0.0,0.99999994
73,0.0,0.25,0.99999994
73,0.0,0.5,0.9920796
73,0.0,0.75,0.9741137
73,0.0,1.0,0.9804099
73,0.0,1.25,0.9713247
73,0.0,1.5,0.95112276
73,0.0,1.75,0.8614676
73,0.0,2.0,0.838115
73,0.25,0.0,0.99999994
73,0.25,0.25,0.99999994
73,0.25,0.5,0.9920796
73,0.25,0.75,0.9741137
73,0.25,1.0,0.9804099
73,0.25,1.25,0.9713247
73,0.25,1.5,0.95112276
73,0.25,1.75,0.8614676
73,0.25,2.0,0.838115
73,0.5,0.0,0.9920796
73,0.5,0.25,0.9920796
73,0.5,0.5,0.98574334
73,0.5,0.75,0.9706641
73,0.5,1.0,0.9759102
73,0.5,1.25,0.96763945
73,0.5,1.5,0.9494705
73,0.5,1.75,0.8619782
73,0.5,2.0,0.83868134
73,0.75,0.0,0.97411376
73,0.75,0.25,0.97411376
73,0.75,0.5,0.9706641
73,0.75,0.75,0.9611934
73,0.75,1.0,0.9645047
73,0.75,1.25,0.9580577
73,0.75,1.5,0.943876
73,0.75,1.75,0.8609265
73,0.75,2.0,0.83768755
73,1.0,0.0,0.98040986
73,1.0,0.25,0.98040986
73,1.0,0.5,0.9759102
73,1.0,0.75,0.9645046
73,1.0,1.0,0.96905947
73,1.0,1.25,0.9620282
73,1.0,1.5,0.9461096
73,1.0,1.75,0.86102176
73,1.0,2.0,0.8384987
73,1.25,0.0,0.9713247
73,1.25,0.25,0.9713247
73,1.25,0.5,0.96763945
73,1.25,0.75,0.9580577
73,1.25,1.0,0.9620282
73,1.25,1.25,0.9559877
73,1.25,1.5,0.9411182
73,1.25,1.75,0.85803926
73,1.25,2.0,0.83556616
73,1.5,0.0,0.95112276
73,1.5,0.25,0.95112276
73,1.5,0.5,0.9494705
73,1.5,0.75,0.943876
73,1.5,1.0,0.9461096
73,1.5,1.25,0.94111824
73,1.5,1.5,0.9307512
73,1.5,1.75,0.8542215
73,1.5,2.0,0.8316436
73,1.75,0.0,0.8614676
73,1.75,0.25,0.8614676
73,1.75,0.5,0.86197805
73,1.75,0.75,0.8609265
73,1.75,1.0,0.86102176
73,1.75,1.25,0.85803926
73,1.75,1.5,0.8542215
73,1.75,1.75,0.7991145
73,1.75,2.0,0.77715254
73,2.0,0.0,0.8381151
73,2.0,0.25,0.8381151
73,2.0,0.5,0.83868134
73,2.0,0.75,0.83768755
73,2.0,1.0,0.8384986
73,2.0,1.25,0.83556616
73,2.0,1.5,0.8316435
73,2.0,1.75,0.77715254
73,2.0,2.0,0.76586306
74,0.0,0.0,0.99999994
74,0.0,0.25,0.99999994
74,0.0,0.5,0.9774309
74,0.0,0.75,0.96752626
74,0.0,1.0,0.7255759
74,0.0,1.25,0.7436863
74,0.0,1.5,0.795047
74,0.0,1.75,0.7522772
74,0.0,2.0,0.7382797
74,0.25,0.0,0.99999994
74,0.25,0.25,0.99999994
74,0.25,0.5,0.9774309
74,0.25,0.75,0.96752626
74,0.25,1.0,0.7255759
74,0.25,1.25,0.7436863
74,0.25,1.5,0.795047
74,0.25,1.75,0.7522772
74,0.25,2.0,0.7382797
74,0.5,0.0,0.9774309
74,0.5,0.25,0.9774309
74,0.5,0.5,0.9571187
74,0.5,0.75,0.94624984
74,0.5,1.0,0.72633225
74,0.5,1.25,0.73705935
74,0.5,1.5,0.78639853
74,0.5,1.75,0.74710596
74,0.5,2.0,0.7339624
74,0.75,0.0,0.96752626
74,0.75,0.25,0.96752626
74,0.75,0.5,0.9462498
74,0.75,0.75,0.94086546
74,0.75,1.0,0.70934755
74,0.75,1.25,0.72961396
74,0.75,1.5,0.77564216
74,0.75,1.75,0.739327
74,0.75,2.0,0.72568786
74,1.0,0.0,0.7255759
74,1.0,0.25,0.7255759
74,1.0,0.5,0.72633225
74,1.0,0.75,0.70934755
74,1.0,1.0,0.6988707
74,1.0,1.25,0.649444
74,1.0,1.5,0.6742009
74,1.0,1.75,0.667733
74,1.0,2.0,0.6630781
74,1.25,0.0,0.7436864
74,1.25,0.25,0.7436864
74,1.25,0.5,0.73705935
74,1.25,0.75,0.72961396
74,1.25,1.0,0.64944404
74,1.25,1.25,0.6613491
74,1.25,1.5,0.6800463
74,1.25,1.75,0.6592104
74,1.25,2.0,0.652258
74,1.5,0.0,0.795047
74,1.5,0.25,0.795047
74,1.5,0.5,0.78639853
74,1.5,0.75,0.7756422
74,1.5,1.0,0.6742009
74,1.5,1.25,0.6800463
74,1.5,1.5,0.70815444
74,1.5,1.75,0.68085647
74,1.5,2.0,0.6735147
74,1.75,0.0,0.7522773
74,1.75,0.25,0.7522773
74,1.75,0.5,0.74710596
74,1.75,0.75,0.739327
74,1.75,1.0,0.667733
74,1.75,1.25,0.6592104
74,1.75,1.5,0.6808564
74,1.75,1.75,0.67440176
74,1.75,2.0,0.6643515
74,2.0,0.0,0.7382797
74,2.0,0.25,0.7382797
74,2.0,0.5,0.7339624
74,2.0,0.75,0.72568786
74,2.0,1.0,0.66307807
74,2.0,1.25,0.652258
74,2.0,1.5,0.6735147
74,2.0,1.75,0.6643515
74,2.0,2.0,0.6600677
75,0.0,0.0,1.0000001
75,0.0,0.25,1.0000001
75,0.0,0.5,1.0000001
75,0.0,0.75,1.0000001
75,0.0,1.0,0.99241483
75,0.0,1.25,0.98437494
75,0.0,1.5,0.9807564
75,0.0,1.75,0.9544231
75,0.0,2.0,0.89762825
75,0.25,0.0,1.0000001
75,0.25,0.25,1.0000001
75,0.25,0.5,1.0000001
75,0.25,0.75,1.0000001
75,0.25,1.0,0.99241483
75,0.25,1.25,0.98437494
75,0.25,1.5,0.9807564
75,0.25,1.75,0.9544231
75,0.25,2.0,0.89762825
75,0.5,0.0,1.0000001
75,0.5,0.25,1.0000001
75,0.5,0.5,1.0000001
75,0.5,0.75,1.0000001
75,0.5,1.0,0.99241483
75,0.5,1.25,0.98437494
75,0.5,1.5,0.9807564
75,0.5,1.75,0.9544231
75,0.5,2.0,0.89762825
75,0.75,0.0,1.0000001
75,0.75,0.25,1.0000001
75,0.75,0.5,1.0000001
75,0.75,0.75,1.0000001
75,0.75,1.0,0.99241483
75,0.75,1.25,0.98437494
75,0.75,1.5,0.9807564
75,0.75,1.75,0.9544231
75,0.75,2.0,0.89762825
75,1.0,0.0,0.99241483
75,1.0,0.25,0.99241483
75,1.0,0.5,0.99241483
75,1.0,0.75,0.99241483
75,1.0,1.0,0.9863466
75,1.0,1.25,0.9777574
75,1.0,1.5,0.97597855
75,1.0,1.75,0.95141816
75,1.0,2.0,0.8931564
75,1.25,0.0,0.98437494
75,1.25,0.25,0.98437494
75,1.25,0.5,0.98437494
75,1.25,0.75,0.98437494
75,1.25,1.0,0.9777575
75,1.25,1.25,0.9717413
75,1.25,1.5,0.96805143
75,1.25,1.75,0.9436886
75,1.25,2.0,0.88771856
75,1.5,0.0,0.98075646
75,1.5,0.25,0.98075646
75,1.5,0.5,0.98075646
75,1.5,0.75,0.98075646
75,1.5,1.0,0.9759786
75,1.5,1.25,0.96805143
75,1.5,1.5,0.9673802
75,1.5,1.75,0.9447831
75,1.5,2.0,0.8858443
75,1.75,0.0,0.9544231
75,1.75,0.25,0.9544231
75,1.75,0.5,0.9544231
75,1.75,0.75,0.9544231
75,1.75,1.0,0.9514181
75,1.75,1.25,0.9436885
75,1.75,1.5,0.94478303
75,1.75,1.75,0.9284279
75,1.75,2.0,0.86651725
75,2.0,0.0,0.89762825
75,2.0,0.25,0.89762825
75,2.0,0.5,0.89762825
75,2.0,0.75,0.89762825
75,2.0,1.0,0.8931564
75,2.0,1.25,0.88771856
75,2.0,1.5,0.8858443
75,2.0,1.75,0.8665173
75,2.0,2.0,0.81936264
76,0.0,0.0,1.0
76,0.0,0.25,1.0
76,0.0,0.5,0.9085045
76,0.0,0.75,0.9096449
76,0.0,1.0,0.86081856
76,0.0,1.25,0.8300484
76,0.0,1.5,0.87254006
76,0.0,1.75,0.8232046
76,0.0,2.0,0.72053725
76,0.25,0.0,1.0
76,0.25,0.25,1.0
76,0.25,0.5,0.9085045
76,0.25,0.75,0.9096449
76,0.25,1.0,0.86081856
76,0.25,1.25,0.8300484
76,0.25,1.5,0.87254006
76,0.25,1.75,0.8232046
76,0.25,2.0,0.72053725
76,0.5,0.0,0.9085045
76,0.5,0.25,0.9085045
76,0.5,0.5,0.85788125
76,0.5,0.75,0.8488579
76,0.5,1.0,0.8126379
76,0.5,1.25,0.8049381
76,0.5,1.5,0.82436144
76,0.5,1.75,0.7971643
76,0.5,2.0,0.6888599
76,0.75,0.0,0.9096449
76,0.75,0.25,0.9096449
76,0.75,0.5,0.8488579
76,0.75,0.75,0.8526051
76,0.75,1.0,0.816036
76,0.75,1.25,0.79361516
76,0.75,1.5,0.8233479
76,0.75,1.75,0.78410995
76,0.75,2.0,0.69348466
76,1.0,0.0,0.86081856
76,1.0,0.25,0.86081856
76,1.0,0.5,0.8126379
76,1.0,0.75,0.816036
76,1.0,1.0,0.79114264
76,1.0,1.25,0.7681019
76,1.0,1.5,0.7897756
76,1.0,1.75,0.7560932
76,1.0,2.0,0.67476743
76,1.25,0.0,0.8300484
76,1.25,0.25,0.8300484
76,1.25,0.5,0.80493814
76,1.25,0.75,0.7936153
76,1.25,1.0,0.7681018
76,1.25,1.25,0.7716211
76,1.25,1.5,0.7761551
76,1.25,1.75,0.7605894
76,1.25,2.0,0.6599198
76,1.5,0.0,0.87254
76,1.5,0.25,0.87254
76,1.5,0.5,0.8243615
76,1.5,0.75,0.823348
76,1.5,1.0,0.78977567
76,1.5,1.25,0.7761551
76,1.5,1.5,0.81355894
76,1.5,1.75,0.77207273
76,1.5,2.0,0.6802519
76,1.75,0.0,0.8232045
76,1.75,0.25,0.8232045
76,1.75,0.5,0.7971643
76,1.75,0.75,0.78410995
76,1.75,1.0,0.75609314
76,1.75,1.25,0.7605894
76,1.75,1.5,0.77207273
76,1.75,1.75,0.75936157
76,1.75,2.0,0.6488028
76,2.0,0.0,0.7205372
76,2.0,0.25,0.7205372
76,2.0,0.5,0.6888599
76,2.0,0.75,0.69348466
76,2.0,1.0,0.67476743
76,2.0,1.25,0.65991974
76,2.0,1.5,0.6802519
76,2.0,1.75,0.6488028
76,2.0,2.0,0.60794955
77,0.0,0.0,1.0
77,0.0,0.25,1.0
77,0.0,0.5,0.99684095
77,0.0,0.75,0.9948259
77,0.0,1.0,0.9871731
77,0.0,1.25,0.9801747
77,0.0,1.5,0.9842512
77,0.0,1.75,0.9361125
77,0.0,2.0,0.90280414
77,0.25,0.0,1.0
77,0.25,0.25,1.0
77,0.25,0.5,0.99684095
77,0.25,0.75,0.9948259
77,0.25,1.0,0.9871731
77,0.25,1.25,0.9801747
77,0.25,1.5,0.9842512
77,0.25,1.75,0.9361125
77,0.25,2.0,0.90280414
77,0.5,0.0,0.99684095
77,0.5,0.25,0.99684095
77,0.5,0.5,0.9939979
77,0.5,0.75,0.9920624
77,0.5,1.0,0.9848561
77,0.5,1.25,0.9787544
77,0.5,1.5,0.9819812
77,0.5,1.75,0.93497735
77,0.5,2.0,0.9012165
77,0.75,0.0,0.9948259
77,0.75,0.25,0.9948259
77,0.75,0.5,0.9920624
77,0.75,0.75,0.9903284
77,0.75,1.0,0.9831733
77,0.75,1.25,0.97754025
77,0.75,1.5,0.98049897
77,0.75,1.75,0.93393385
77,0.75,2.0,0.8999997
77,1.0,0.0,0.9871731
77,1.0,0.25,0.9871731
77,1.0,0.5,0.984856
77,1.0,0.75,0.9831733
77,1.0,1.0,0.977084
77,1.0,1.25,0.97222245
77,1.0,1.5,0.9739789
77,1.0,1.75,0.92941266
77,1.0,2.0,0.89493823
77,1.25,0.0,0.9801747
77,1.25,0.25,0.9801747
77,1.25,0.5,0.9787544
77,1.25,0.75,0.9775404
77,1.25,1.0,0.9722224
77,1.25,1.25,0.970645
77,1.25,1.5,0.9699369
77,1.25,1.75,0.9283497
77,1.25,2.0,0.89243245
77,1.5,0.0,0.9842512
77,1.5,0.25,0.9842512
77,1.5,0.5,0.9819812
77,1.5,0.75,0.98049897
77,1.5,1.0,0.9739789
77,1.5,1.25,0.96993685
77,1.5,1.5,0.9720895
77,1.5,1.75,0.92740417
77,1.5,2.0,0.89298624
77,1.75,0.0,0.93611246
77,1.75,0.25,0.93611246
77,1.75,0.5,0.93497735
77,1.75,0.75,0.9339338
77,1.75,1.0,0.92941266
77,1.75,1.25,0.9283497
77,1.75,1.5,0.92740417
77,1.75,1.75,0.8932599
77,1.75,2.0,0.8568273
77,2.0,0.0,0.90280414
77,2.0,0.25,0.90280414
77,2.0,0.5,0.9012165
77,2.0,0.75,0.8999996
77,2.0,1.0,0.89493823
77,2.0,1.25,0.8924324
77,2.0,1.5,0.8929861
77,2.0,1.75,0.85682726
77,2.0,2.0,0.82861406
78,0.0,0.0,0.99999994
78,0.0,0.25,0.96756345
78,0.0,0.5,0.9180258
78,0.0,0.75,0.8886927
78,0.0,1.0,0.8411217
78,0.0,1.25,0.8898929
78,0.0,1.5,0.8384793
78,0.0,1.75,0.8113795
78,0.0,2.0,0.70195466
78,0.25,0.0,0.96756357
78,0.25,0.25,0.944858
78,0.25,0.5,0.90159166
78,0.25,0.75,0.8651001
78,0.25,1.0,0.83794284
78,0.25,1.25,0.8697114
78,0.25,1.5,0.8257469
78,0.25,1.75,0.7954835
78,0.25,2.0,0.69171435
78,0.5,0.0,0.9180258
78,0.5,0.25,0.90159166
78,0.5,0.5,0.8678727
78,0.5,0.75,0.8351511
78,0.5,1.0,0.8174537
78,0.5,1.25,0.84034884
78,0.5,1.5,0.80573356
78,0.5,1.75,0.77440935
78,0.5,2.0,0.67599845
78,0.75,0.0,0.8886927
78,0.75,0.25,0.8651001
78,0.75,0.5,0.8351511
78,0.75,0.75,0.8232368
78,0.75,1.0,0.78481704
78,0.75,1.25,0.823488
78,0.75,1.5,0.7898518
78,0.75,1.75,0.76178193
78,0.75,2.0,0.6669971
78,1.0,0.0,0.8411217
78,1.0,0.25,0.83794284
78,1.0,0.5,0.8174537
78,1.0,0.75,0.7848171
78,1.0,1.0,0.7925556
78,1.0,1.25,0.7936159
78,1.0,1.5,0.7731005
78,1.0,1.75,0.7368892
78,1.0,2.0,0.6523407
78,1.25,0.0,0.8898929
78,1.25,0.25,0.8697114
78,1.25,0.5,0.8403487
78,1.25,0.75,0.823488
78,1.25,1.0,0.7936159
78,1.25,1.25,0.8276692
78,1.25,1.5,0.795314
78,1.25,1.75,0.7638266
78,1.25,2.0,0.6722896
78,1.5,0.0,0.8384792
78,1.5,0.25,0.82574683
78,1.5,0.5,0.80573356
78,1.5,0.75,0.7898518
78,1.5,1.0,0.7731005
78,1.5,1.25,0.795314
78,1.5,1.5,0.7747825
78,1.5,1.75,0.7416954
78,1.5,2.0,0.65503
78,1.75,0.0,0.81137955
78,1.75,0.25,0.79548365
78,1.75,0.5,0.7744094
78,1.75,0.75,0.761782
78,1.75,1.0,0.7368892
78,1.75,1.25,0.7638266
78,1.75,1.5,0.7416954
78,1.75,1.75,0.71759367
78,1.75,2.0,0.63088495
78,2.0,0.0,0.70195466
78,2.0,0.25,0.69171435
78,2.0,0.5,0.67599845
78,2.0,0.75,0.6669971
78,2.0,1.0,0.6523407
78,2.0,1.25,0.6722896
78,2.0,1.5,0.6550301
78,2.0,1.75,0.63088495
78,2.0,2.0,0.5847423
79,0.0,0.0,0.987684
79,0.0,0.25,0.95851445
79,0.0,0.5,0.91918445
79,0.0,0.75,0.9038934
79,0.0,1.0,0.9324359
79,0.0,1.25,0.9180173
79,0.0,1.5,0.841253
79,0.0,1.75,0.84083766
79,0.0,2.0,0.6093028
79,0.25,0.0,0.95851445
79,0.25,0.25,0.9455502
79,0.25,0.5,0.9275447
79,0.25,0.75,0.8956978
79,0.25,1.0,0.92108035
79,0.25,1.25,0.90993685
79,0.25,1.5,0.82769173
79,0.25,1.75,0.83279663
79,0.25,2.0,0.6031394
79,0.5,0.0,0.91918445
79,0.5,0.25,0.9275448
79,0.5,0.5,0.9382199
79,0.5,0.75,0.88472587
79,0.5,1.0,0.9057492
79,0.5,1.25,0.8996794
79,0.5,1.5,0.8098523
79,0.5,1.75,0.8222342
79,0.5,2.0,0.59547406
79,0.75,0.0,0.9038934
79,0.75,0.25,0.8956978
79,0.75,0.5,0.88472587
79,0.75,0.75,0.85859954
79,0.75,1.0,0.87353325
79,0.75,1.25,0.86727613
79,0.75,1.5,0.78791916
79,0.75,1.75,0.7975905
79,0.75,2.0,0.5796049
79,1.0,0.0,0.9324359
79,1.0,0.25,0.9210804
79,1.0,0.5,0.9057492
79,1.0,0.75,0.87353325
79,1.0,1.0,0.9000598
79,1.0,1.25,0.88822293
79,1.0,1.5,0.8082027
79,1.0,1.75,0.8130777
79,1.0,2.0,0.5911648
79,1.25,0.0,0.91801745
79,1.25,0.25,0.90993685
79,1.25,0.5,0.8996794
79,1.25,0.75,0.86727613
79,1.25,1.0,0.88822293
79,1.25,1.25,0.8830673
79,1.25,1.5,0.80223083
79,1.25,1.75,0.8095264
79,1.25,2.0,0.58898467
79,1.5,0.0,0.8412529
79,1.5,0.25,0.8276917
79,1.5,0.5,0.80985224
79,1.5,0.75,0.78791916
79,1.5,1.0,0.80820256
79,1.5,1.25,0.80223083
79,1.5,1.5,0.74205023
79,1.5,1.75,0.73685545
79,1.5,2.0,0.5431573
79,1.75,0.0,0.84083766
79,1.75,0.25,0.8327967
79,1.75,0.5,0.8222342
79,1.75,0.75,0.7975905
79,1.75,1.0,0.8130777
79,1.75,1.25,0.8095264
79,1.75,1.5,0.73685545
79,1.75,1.75,0.74872833
79,1.75,2.0,0.5496959
79,2.0,0.0,0.6093028
79,2.0,0.25,0.6031394
79,2.0,0.5,0.5954741
79,2.0,0.75,0.5796049
79,2.0,1.0,0.5911648
79,2.0,1.25,0.5889846
79,2.0,1.5,0.5431572
79,2.0,1.75,0.5496959
79,2.0,2.0,0.44672653
80,0.0,0.0,1.0
80,0.0,0.25,1.0
80,0.0,0.5,0.9778338
80,0.0,0.75,0.94731814
80,0.0,1.0,0.9256155
80,0.0,1.25,0.9203624
80,0.0,1.5,0.89545053
80,0.0,1.75,0.78917587
80,0.0,2.0,0.6495678
80,0.25,0.0,1.0
80,0.25,0.25,1.0
80,0.25,0.5,0.9778338
80,0.25,0.75,0.94731814
80,0.25,1.0,0.9256155
80,0.25,1.25,0.9203624
80,0.25,1.5,0.89545053
80,0.25,1.75,0.78917587
80,0.25,2.0,0.6495678
80,0.5,0.0,0.97783387
80,0.5,0.25,0.97783387
80,0.5,0.5,0.95857954
80,0.5,0.75,0.92904466
80,0.5,1.0,0.91054475
80,0.5,1.25,0.90637666
80,0.5,1.5,0.88421786
80,0.5,1.75,0.78077203
80,0.5,2.0,0.64772433
80,0.75,0.0,0.94731814
80,0.75,0.25,0.94731814
80,0.75,0.5,0.9290447
80,0.75,0.75,0.9070768
80,0.75,1.0,0.8863778
80,0.75,1.25,0.8859349
80,0.75,1.5,0.8596845
80,0.75,1.75,0.77140546
80,0.75,2.0,0.6476057
80,1.0,0.0,0.92561555
80,1.0,0.25,0.92561555
80,1.0,0.5,0.9105448
80,1.0,0.75,0.8863779
80,1.0,1.0,0.8715031
80,1.0,1.25,0.870627
80,1.0,1.5,0.8478547
80,1.0,1.75,0.75835437
80,1.0,2.0,0.6391289
80,1.25,0.0,0.9203623
80,1.25,0.25,0.9203623
80,1.25,0.5,0.90637666
80,1.25,0.75,0.8859348
80,1.25,1.0,0.870627
80,1.25,1.25,0.87330633
80,1.25,1.5,0.8472565
80,1.25,1.75,0.7659683
80,1.25,2.0,0.6491005
80,1.5,0.0,0.89545053
80,1.5,0.25,0.89545053
80,1.5,0.5,0.88421786
80,1.5,0.75,0.8596845
80,1.5,1.0,0.8478548
80,1.5,1.25,0.84725654
80,1.5,1.5,0.83975655
80,1.5,1.75,0.74618685
80,1.5,2.0,0.6356368
80,1.75,0.0,0.78917575
80,1.75,0.25,0.78917575
80,1.75,0.5,0.780772
80,1.75,0.75,0.7714054
80,1.75,1.0,0.75835437
80,1.75,1.25,0.7659683
80,1.75,1.5,0.74618685
80,1.75,1.75,0.70225924
80,1.75,2.0,0.61472046
80,2.0,0.0,0.64956784
80,2.0,0.25,0.64956784
80,2.0,0.5,0.64772433
80,2.0,0.75,0.6476057
80,2.0,1.0,0.6391289
80,2.0,1.25,0.6491005
80,2.0,1.5,0.6356368
80,2.0,1.75,0.61472046
80,2.0,2.0,0.5834622
81,0.0,0.0,1.0000001
81,0.0,0.25,1.0000001
81,0.0,0.5,0.99351484
81,0.0,0.75,0.99028796
81,0.0,1.0,0.97815925
81,0.0,1.25,0.96450007
81,0.0,1.5,0.9367859
81,0.0,1.75,0.92534876
81,0.0,2.0,0.7796196
81,0.25,0.0,1.0000001
81,0.25,0.25,1.0000001
81,0.25,0.5,0.99351484
81,0.25,0.75,0.99028796
81,0.25,1.0,0.97815925
81,0.25,1.25,0.96450007
81,0.25,1.5,0.9367859
81,0.25,1.75,0.92534876
81,0.25,2.0,0.7796196
81,0.5,0.0,0.99351484
81,0.5,0.25,0.99351484
81,0.5,0.5,0.9889752
81,0.5,0.75,0.9852951
81,0.5,1.0,0.9764047
81,0.5,1.25,0.96158236
81,0.5,1.5,0.9363199
81,0.5,1.75,0.9224762
81,0.5,2.0,0.77789384
81,0.75,0.0,0.990288
81,0.75,0.25,0.990288
81,0.75,0.5,0.9852951
81,0.75,0.75,0.98210967
81,0.75,1.0,0.97199464
81,0.75,1.25,0.9577487
81,0.75,1.5,0.93125623
81,0.75,1.75,0.91892487
81,0.75,2.0,0.7735268
81,1.0,0.0,0.9781593
81,1.0,0.25,0.9781593
81,1.0,0.5,0.9764048
81,1.0,0.75,0.97199464
81,1.0,1.0,0.9685681
81,1.0,1.25,0.9517244
81,1.0,1.5,0.9322551
81,1.0,1.75,0.91380155
81,1.0,2.0,0.7747713
81,1.25,0.0,0.96450007
81,1.25,0.25,0.96450007
81,1.25,0.5,0.96158236
81,1.25,0.75,0.9577487
81,1.25,1.0,0.9517244
81,1.25,1.25,0.9375228
81,1.25,1.5,0.91530365
81,1.25,1.75,0.89889646
81,1.25,2.0,0.76532793
81,1.5,0.0,0.9367859
81,1.5,0.25,0.9367859
81,1.5,0.5,0.9363199
81,1.5,0.75,0.93125623
81,1.5,1.0,0.9322551
81,1.5,1.25,0.91530365
81,1.5,1.5,0.90536255
81,1.5,1.75,0.8805225
81,1.5,2.0,0.7627373
81,1.75,0.0,0.9253488
81,1.75,0.25,0.9253488
81,1.75,0.5,0.9224762
81,1.75,0.75,0.9189249
81,1.75,1.0,0.91380167
81,1.75,1.25,0.89889646
81,1.75,1.5,0.8805225
81,1.75,1.75,0.86690325
81,1.75,2.0,0.738908
81,2.0,0.0,0.7796196
81,2.0,0.25,0.7796196
81,2.0,0.5,0.7778938
81,2.0,0.75,0.7735268
81,2.0,1.0,0.7747713
81,2.0,1.25,0.765328
81,2.0,1.5,0.7627373
81,2.0,1.75,0.73890805
81,2.0,2.0,0.68345153
82,0.0,0.0,0.8876724
82,0.0,0.25,0.8640619
82,0.0,0.5,0.8734407
82,0.0,0.75,0.8584444
82,0.0,1.0,0.87152374
82,0.0,1.25,0.7988019
82,0.0,1.5,0.84651184
82,0.0,1.75,0.7968499
82,0.0,2.0,0.56870264
82,0.25,0.0,0.8640619
82,0.25,0.25,0.8532888
82,0.25,0.5,0.85687834
82,0.25,0.75,0.84864634
82,0.25,1.0,0.85457796
82,0.25,1.25,0.80101866
82,0.25,1.5,0.830952
82,0.25,1.75,0.79329985
82,0.25,2.0,0.5754699
82,0.5,0.0,0.8734407
82,0.5,0.25,0.85687834
82,0.5,0.5,0.87123877
82,0.5,0.75,0.8579311
82,0.5,1.0,0.8651267
82,0.5,1.25,0.79808944
82,0.5,1.5,0.85092294
82,0.5,1.75,0.79504824
82,0.5,2.0,0.56652284
82,0.75,0.0,0.8584443
82,0.75,0.25,0.8486462
82,0.75,0.5,0.8579311
82,0.75,0.75,0.8501957
82,0.75,1.0,0.85353315
82,0.75,1.25,0.79824525
82,0.75,1.5,0.8376799
82,0.75,1.75,0.7927998
82,0.75,2.0,0.5716014
82,1.0,0.0,0.87152374
82,1.0,0.25,0.85457784
82,1.0,0.5,0.86512667
82,1.0,0.75,0.85353315
82,1.0,1.0,0.86164945
82,1.0,1.25,0.7965738
82,1.0,1.5,0.8426599
82,1.0,1.75,0.79329854
82,1.0,2.0,0.5679072
82,1.25,0.0,0.7988019
82,1.25,0.25,0.80101866
82,1.25,0.5,0.79808944
82,1.25,0.75,0.7982452
82,1.25,1.0,0.7965738
82,1.25,1.25,0.772504
82,1.25,1.5,0.77828836
82,1.25,1.75,0.757863
82,1.25,2.0,0.56101304
82,1.5,0.0,0.84651184
82,1.5,0.25,0.830952
82,1.5,0.5,0.85092294
82,1.5,0.75,0.8376799
82,1.5,1.0,0.8426599
82,1.5,1.25,0.77828825
82,1.5,1.5,0.83860147
82,1.5,1.75,0.77596235
82,1.5,2.0,0.54933554
82,1.75,0.0,0.7968499
82,1.75,0.25,0.7932998
82,1.75,0.5,0.79504824
82,1.75,0.75,0.79279983
82,1.75,1.0,0.79329854
82,1.75,1.25,0.757863
82,1.75,1.5,0.77596235
82,1.75,1.75,0.75668454
82,1.75,2.0,0.5592055
82,2.0,0.0,0.56870264
82,2.0,0.25,0.5754699
82,2.0,0.5,0.56652284
82,2.0,0.75,0.57160145
82,2.0,1.0,0.5679073
82,2.0,1.25,0.56101304
82,2.0,1.5,0.54933554
82,2.0,1.75,0.5592055
82,2.0,2.0,0.48687804
83,0.0,0.0,0.99999994
83,0.0,0.25,0.99999994
83,0.0,0.5,0.9808049
83,0.0,0.75,0.99999994
83,0.0,1.0,0.9876429
83,0.0,1.25,0.9227616
83,0.0,1.5,0.87972176
83,0.0,1.75,0.80854326
83,0.0,2.0,0.7336638
83,0.25,0.0,0.99999994
83,0.25,0.25,0.99999994
83,0.25,0.5,0.9808049
83,0.25,0.75,0.99999994
83,0.25,1.0,0.9876429
83,0.25,1.25,0.9227616
83,0.25,1.5,0.87972176
83,0.25,1.75,0.80854326
83,0.25,2.0,0.7336638
83,0.5,0.0,0.9808049
83,0.5,0.25,0.9808049
83,0.5,0.5,0.964916
83,0.5,0.75,0.9808049
83,0.5,1.0,0.9703769
83,0.5,1.25,0.9101138
83,0.5,1.5,0.87356
83,0.5,1.75,0.80567276
83,0.5,2.0,0.72825974
83,0.75,0.0,0.99999994
83,0.75,0.25,0.99999994
83,0.75,0.5,0.9808049
83,0.75,0.75,0.99999994
83,0.75,1.0,0.9876429
83,0.75,1.25,0.9227616
83,0.75,1.5,0.87972176
83,0.75,1.75,0.80854326
83,0.75,2.0,0.7336638
83,1.0,0.0,0.9876429
83,1.0,0.25,0.9876429
83,1.0,0.5,0.9703769
83,1.0,0.75,0.9876429
83,1.0,1.0,0.9765216
83,1.0,1.25,0.9146446
83,1.0,1.5,0.87490934
83,1.0,1.75,0.80662066
83,1.0,2.0,0.73051536
83,1.25,0.0,0.9227616
83,1.25,0.25,0.9227616
83,1.25,0.5,0.91011375
83,1.25,0.75,0.9227616
83,1.25,1.0,0.9146447
83,1.25,1.25,0.867657
83,1.25,1.5,0.8312001
83,1.25,1.75,0.7755857
83,1.25,2.0,0.7057844
83,1.5,0.0,0.8797217
83,1.5,0.25,0.8797217
83,1.5,0.5,0.87356
83,1.5,0.75,0.8797217
83,1.5,1.0,0.8749093
83,1.5,1.25,0.8312
83,1.5,1.5,0.8181036
83,1.5,1.75,0.7602043
83,1.5,2.0,0.6804704
83,1.75,0.0,0.80854326
83,1.75,0.25,0.80854326
83,1.75,0.5,0.80567276
83,1.75,0.75,0.80854326
83,1.75,1.0,0.80662066
83,1.75,1.25,0.7755858
83,1.75,1.5,0.7602043
83,1.75,1.75,0.7300246
83,1.75,2.0,0.65343237
83,2.0,0.0,0.7336638
83,2.0,0.25,0.7336638
83,2.0,0.5,0.72825974
83,2.0,0.75,0.7336638
83,2.0,1.0,0.73051536
83,2.0,1.25,0.7057844
83,2.0,1.5,0.6804704
83,2.0,1.75,0.65343237
83,2.0,2.0,0.6093415
84,0.0,0.0,0.99999994
84,0.0,0.25,0.9771791
84,0.0,0.5,0.88080704
84,0.0,0.75,0.8811924
84,0.0,1.0,0.71705323
84,0.0,1.25,0.8101706
84,0.0,1.5,0.7001744
84,0.0,1.75,0.73142105
84,0.0,2.0,0.6736237
84,0.25,0.0,0.9771791
84,0.25,0.25,0.9565637
84,0.25,0.5,0.8697286
84,0.25,0.75,0.86841697
84,0.25,1.0,0.7200873
84,0.25,1.25,0.8040117
84,0.25,1.5,0.70164734
84,0.25,1.75,0.7258297
84,0.25,2.0,0.6662282
84,0.5,0.0,0.88080704
84,0.5,0.25,0.8697286
84,0.5,0.5,0.8273709
84,0.5,0.75,0.8128299
84,0.5,1.0,0.74061036
84,0.5,1.25,0.7827544
84,0.5,1.5,0.7069792
84,0.5,1.75,0.70269394
84,0.5,2.0,0.6313517
84,0.75,0.0,0.8811924
84,0.75,0.25,0.86841697
84,0.75,0.5,0.8128299
84,0.75,0.75,0.8178082
84,0.75,1.0,0.71839106
84,0.75,1.25,0.76993746
84,0.75,1.5,0.69929284
84,0.75,1.75,0.69330114
84,0.75,2.0,0.6405742
84,1.0,0.0,0.71705323
84,1.0,0.25,0.7200873
84,1.0,0.5,0.74061036
84,1.0,0.75,0.71839106
84,1.0,1.0,0.75474066
84,1.0,1.25,0.73312485
84,1.0,1.5,0.7070545
84,1.0,1.75,0.65469927
84,1.0,2.0,0.5818331
84,1.25,0.0,0.8101706
84,1.25,0.25,0.8040116
84,1.25,0.5,0.7827544
84,1.25,0.75,0.76993746
84,1.25,1.0,0.73312485
84,1.25,1.25,0.75417304
84,1.25,1.5,0.69674754
84,1.25,1.75,0.67481315
84,1.25,2.0,0.6086289
84,1.5,0.0,0.7001744
84,1.5,0.25,0.70164734
84,1.5,0.5,0.7069792
84,1.5,0.75,0.6992929
84,1.5,1.0,0.70705444
84,1.5,1.25,0.6967474
84,1.5,1.5,0.69284993
84,1.5,1.75,0.6350217
84,1.5,2.0,0.5802301
84,1.75,0.0,0.73142105
84,1.75,0.25,0.7258297
84,1.75,0.5,0.70269394
84,1.75,0.75,0.69330126
84,1.75,1.0,0.65469927
84,1.75,1.25,0.67481315
84,1.75,1.5,0.6350217
84,1.75,1.75,0.62864006
84,1.75,2.0,0.5596858
84,2.0,0.0,0.6736237
84,2.0,0.25,0.6662282
84,2.0,0.5,0.63135177
84,2.0,0.75,0.6405742
84,2.0,1.0,0.5818331
84,2.0,1.25,0.6086289
84,2.0,1.5,0.5802301
84,2.0,1.75,0.5596858
84,2.0,2.0,0.54199415
85,0.0,0.0,0.99999994
85,0.0,0.25,0.99999994
85,0.0,0.5,0.99999994
85,0.0,0.75,0.99999994
85,0.0,1.0,0.99999994
85,0.0,1.25,0.99999994
85,0.0,1.5,0.9687274
85,0.0,1.75,0.9691391
85,0.0,2.0,0.8281338
85,0.25,0.0,0.99999994
85,0.25,0.25,0.99999994
85,0.25,0.5,0.99999994
85,0.25,0.75,0.99999994
85,0.25,1.0,0.99999994
85,0.25,1.25,0.99999994
85,0.25,1.5,0.9687274
85,0.25,1.75,0.9691391
85,0.25,2.0,0.8281338
85,0.5,0.0,0.99999994
85,0.5,0.25,0.99999994
85,0.5,0.5,0.99999994
85,0.5,0.75,0.99999994
85,0.5,1.0,0.99999994
85,0.5,1.25,0.99999994
85,0.5,1.5,0.9687274
85,0.5,1.75,0.9691391
85,0.5,2.0,0.8281338
85,0.75,0.0,0.99999994
85,0.75,0.25,0.99999994
85,0.75,0.5,0.99999994
85,0.75,0.75,0.99999994
85,0.75,1.0,0.99999994
85,0.75,1.25,0.99999994
85,0.75,1.5,0.9687274
85,0.75,1.75,0.9691391
85,0.75,2.0,0.8281338
85,1.0,0.0,0.99999994
85,1.0,0.25,0.99999994
85,1.0,0.5,0.99999994
85,1.0,0.75,0.99999994
85,1.0,1.0,0.99999994
85,1.0,1.25,0.99999994
85,1.0,1.5,0.9687274
85,1.0,1.75,0.9691391
85,1.0,2.0,0.8281338
85,1.25,0.0,0.99999994
85,1.25,0.25,0.99999994
85,1.25,0.5,0.99999994
85,1.25,0.75,0.99999994
85,1.25,1.0,0.99999994
85,1.25,1.25,0.99999994
85,1.25,1.5,0.9687274
85,1.25,1.75,0.9691391
85,1.25,2.0,0.8281338
85,1.5,0.0,0.9687274
85,1.5,0.25,0.9687274
85,1.5,0.5,0.9687274
85,1.5,0.75,0.9687274
85,1.5,1.0,0.9687274
85,1.5,1.25,0.9687274
85,1.5,1.5,0.94097054
85,1.5,1.75,0.94053316
85,1.5,2.0,0.8073975
85,1.75,0.0,0.9691391
85,1.75,0.25,0.9691391
85,1.75,0.5,0.9691391
85,1.75,0.75,0.9691391
85,1.75,1.0,0.9691391
85,1.75,1.25,0.9691391
85,1.75,1.5,0.94053316
85,1.75,1.75,0.9413643
85,1.75,2.0,0.8078491
85,2.0,0.0,0.8281338
85,2.0,0.25,0.8281338
85,2.0,0.5,0.8281338
85,2.0,0.75,0.8281338
85,2.0,1.0,0.8281338
85,2.0,1.25,0.8281338
85,2.0,1.5,0.8073975
85,2.0,1.75,0.80784917
85,2.0,2.0,0.7101195
86,0.0,0.0,1.0000001
86,0.0,0.25,1.0000002
86,0.0,0.5,0.93646425
86,0.0,0.75,0.84996355
86,0.0,1.0,0.6908627
86,0.0,1.25,0.66423446
86,0.0,1.5,0.65698797
86,0.0,1.75,0.5445108
86,0.0,2.0,0.50305593
86,0.25,0.0,1.0000001
86,0.25,0.25,1.0000002
86,0.25,0.5,0.93646425
86,0.25,0.75,0.84996355
86,0.25,1.0,0.6908627
86,0.25,1.25,0.66423446
86,0.25,1.5,0.6569881
86,0.25,1.75,0.5445108
86,0.25,2.0,0.50305593
86,0.5,0.0,0.93646425
86,0.5,0.25,0.93646425
86,0.5,0.5,0.8918278
86,0.5,0.75,0.8307677
86,0.5,1.0,0.71183556
86,0.5,1.25,0.6783347
86,0.5,1.5,0.671927
86,0.5,1.75,0.58138335
86,0.5,2.0,0.53201604
86,0.75,0.0,0.84996355
86,0.75,0.25,0.84996355
86,0.75,0.5,0.8307677
86,0.75,0.75,0.80398536
86,0.75,1.0,0.7392886
86,0.75,1.25,0.69662964
86,0.75,1.5,0.691145
86,0.75,1.75,0.6302514
86,0.75,2.0,0.5703131
86,1.0,0.0,0.6908627
86,1.0,0.25,0.6908627
86,1.0,0.5,0.7118355
86,1.0,0.75,0.7392886
86,1.0,1.0,0.7665873
86,1.0,1.25,0.71631795
86,1.0,1.5,0.71263033
86,1.0,1.75,0.7023035
86,1.0,2.0,0.6302886
86,1.25,0.0,0.66423446
86,1.25,0.25,0.66423446
86,1.25,0.5,0.67833483
86,1.25,0.75,0.69662964
86,1.25,1.0,0.71631795
86,1.25,1.25,0.6794414
86,1.25,1.5,0.6756415
86,1.25,1.75,0.6638037
86,1.25,2.0,0.60108244
86,1.5,0.0,0.65698797
86,1.5,0.25,0.65698797
86,1.5,0.5,0.671927
86,1.5,0.75,0.691145
86,1.5,1.0,0.71263033
86,1.5,1.25,0.6756415
86,1.5,1.5,0.67620605
86,1.5,1.75,0.6641941
86,1.5,2.0,0.6039161
86,1.75,0.0,0.5445107
86,1.75,0.25,0.5445107
86,1.75,0.5,0.58138335
86,1.75,0.75,0.6302514
86,1.75,1.0,0.70230365
86,1.75,1.25,0.6638037
86,1.75,1.5,0.6641941
86,1.75,1.75,0.6857858
86,1.75,2.0,0.6185408
86,2.0,0.0,0.50305593
86,2.0,0.25,0.50305593
86,2.0,0.5,0.53201604
86,2.0,0.75,0.5703131
86,2.0,1.0,0.63028866
86,2.0,1.25,0.60108244
86,2.0,1.5,0.6039161
86,2.0,1.75,0.6185408
86,2.0,2.0,0.58024734
87,0.0,0.0,1.0000001
87,0.0,0.25,0.94893867
87,0.0,0.5,0.8790714
87,0.0,0.75,0.8953087
87,0.0,1.0,0.9591509
87,0.0,1.25,0.862489
87,0.0,1.5,0.7879788
87,0.0,1.75,0.74656534
87,0.0,2.0,0.642005
87,0.25,0.0,0.9489387
87,0.25,0.25,0.92340803
87,0.25,0.5,0.8844975
87,0.25,0.75,0.88050807
87,0.25,1.0,0.9285141
87,0.25,1.25,0.84534514
87,0.25,1.5,0.79169405
87,0.25,1.75,0.75164855
87,0.25,2.0,0.6545781
87,0.5,0.0,0.87907135
87,0.5,0.25,0.8844975
87,0.5,0.5,0.8839785
87,0.5,0.75,0.85804266
87,0.5,1.0,0.88341224
87,0.5,1.25,0.82182455
87,0.5,1.5,0.7946472
87,0.5,1.75,0.7574134
87,0.5,2.0,0.6662115
87,0.75,0.0,0.8953087
87,0.75,0.25,0.88050795
87,0.75,0.5,0.85804266
87,0.75,0.75,0.8559394
87,0.75,1.0,0.88346815
87,0.75,1.25,0.8270047
87,0.75,1.5,0.78690094
87,0.75,1.75,0.75203305
87,0.75,2.0,0.64515424
87,1.0,0.0,0.9591509
87,1.0,0.25,0.9285141
87,1.0,0.5,0.8834123
87,1.0,0.75,0.88346815
87,1.0,1.0,0.9346415
87,1.0,1.25,0.8487738
87,1.0,1.5,0.79095095
87,1.0,1.75,0.7506319
87,1.0,2.0,0.6520634
87,1.25,0.0,0.8624889
87,1.25,0.25,0.8453451
87,1.25,0.5,0.8218245
87,1.25,0.75,0.8270047
87,1.25,1.0,0.84877396
87,1.25,1.25,0.8068804
87,1.25,1.5,0.7670009
87,1.25,1.75,0.7403452
87,1.25,2.0,0.62697995
87,1.5,0.0,0.78797895
87,1.5,0.25,0.79169405
87,1.5,0.5,0.7946472
87,1.5,0.75,0.786901
87,1.5,1.0,0.7909511
87,1.5,1.25,0.7670009
87,1.5,1.5,0.74872726
87,1.5,1.75,0.72208893
87,1.5,2.0,0.61640406
87,1.75,0.0,0.74656534
87,1.75,0.25,0.75164855
87,1.75,0.5,0.7574134
87,1.75,0.75,0.75203305
87,1.75,1.0,0.7506319
87,1.75,1.25,0.7403452
87,1.75,1.5,0.72208893
87,1.75,1.75,0.71086836
87,1.75,2.0,0.6021212
87,2.0,0.0,0.642005
87,2.0,0.25,0.6545781
87,2.0,0.5,0.66621137
87,2.0,0.75,0.64515424
87,2.0,1.0,0.6520634
87,2.0,1.25,0.6269799
87,2.0,1.5,0.6164041
87,2.0,1.75,0.6021212
87,2.0,2.0,0.5445415
88,0.0,0.0,1.0
88,0.0,0.25,1.0
88,0.0,0.5,0.9364579
88,0.0,0.75,0.9237494
88,0.0,1.0,0.911041
88,0.0,1.25,0.894375
88,0.0,1.5,0.86014986
88,0.0,1.75,0.8342907
88,0.0,2.0,0.8174424
88,0.25,0.0,1.0
88,0.25,0.25,1.0
88,0.25,0.5,0.9364579
88,0.25,0.75,0.9237494
88,0.25,1.0,0.911041
88,0.25,1.25,0.894375
88,0.25,1.5,0.86014986
88,0.25,1.75,0.8342907
88,0.25,2.0,0.8174424
88,0.5,0.0,0.9364578
88,0.5,0.25,0.9364578
88,0.5,0.5,0.9046868
88,0.5,0.75,0.8983326
88,0.5,1.0,0.89197844
88,0.5,1.25,0.8755585
88,0.5,1.5,0.8524312
88,0.5,1.75,0.83792144
88,0.5,2.0,0.81750536
88,0.75,0.0,0.92374945
88,0.75,0.25,0.92374945
88,0.75,0.5,0.8983326
88,0.75,0.75,0.8932492
88,0.75,1.0,0.88816583
88,0.75,1.25,0.8717952
88,0.75,1.5,0.8508875
88,0.75,1.75,0.83864754
88,0.75,2.0,0.8175179
88,1.0,0.0,0.911041
88,1.0,0.25,0.911041
88,1.0,0.5,0.8919784
88,1.0,0.75,0.8881659
88,1.0,1.0,0.88435334
88,1.0,1.25,0.86803186
88,1.0,1.5,0.8493437
88,1.0,1.75,0.8393737
88,1.0,2.0,0.8175305
88,1.25,0.0,0.894375
88,1.25,0.25,0.894375
88,1.25,0.5,0.8755585
88,1.25,0.75,0.8717951
88,1.25,1.0,0.86803186
88,1.25,1.25,0.8532785
88,1.25,1.5,0.83430403
88,1.25,1.75,0.8245546
88,1.25,2.0,0.8029088
88,1.5,0.0,0.86014974
88,1.5,0.25,0.86014974
88,1.5,0.5,0.8524311
88,1.5,0.75,0.85088736
88,1.5,1.0,0.84934354
88,1.5,1.25,0.83430403
88,1.5,1.5,0.82299495
88,1.5,1.75,0.815797
88,1.5,2.0,0.7933368
88,1.75,0.0,0.8342907
88,1.75,0.25,0.8342907
88,1.75,0.5,0.8379214
88,1.75,0.75,0.8386476
88,1.75,1.0,0.8393737
88,1.75,1.25,0.8245545
88,1.75,1.5,0.815797
88,1.75,1.75,0.81529343
88,1.75,2.0,0.7898813
88,2.0,0.0,0.8174423
88,2.0,0.25,0.8174423
88,2.0,0.5,0.81750524
88,2.0,0.75,0.8175179
88,2.0,1.0,0.8175305
88,2.0,1.25,0.8029088
88,2.0,1.5,0.7933368
88,2.0,1.75,0.7898811
88,2.0,2.0,0.7724256
89,0.0,0.0,0.99999976
89,0.0,0.25,0.9999998
89,0.0,0.5,0.9999998
89,0.0,0.75,0.993958
89,0.0,1.0,0.9845798
89,0.0,1.25,0.9800589
89,0.0,1.5,0.99129874
89,0.0,1.75,0.96712524
89,0.0,2.0,0.92076355
89,0.25,0.0,0.9999998
89,0.25,0.25,0.9999998
89,0.25,0.5,0.9999998
89,0.25,0.75,0.993958
89,0.25,1.0,0.9845799
89,0.25,1.25,0.9800589
89,0.25,1.5,0.99129885
89,0.25,1.75,0.9671253
89,0.25,2.0,0.92076355
89,0.5,0.0,0.9999998
89,0.5,0.25,0.9999998
89,0.5,0.5,0.9999998
89,0.5,0.75,0.993958
89,0.5,1.0,0.9845798
89,0.5,1.25,0.9800589
89,0.5,1.5,0.99129885
89,0.5,1.75,0.96712524
89,0.5,2.0,0.92076355
89,0.75,0.0,0.993958
89,0.75,0.25,0.99395806
89,0.75,0.5,0.99395806
89,0.75,0.75,0.9885065
89,0.75,1.0,0.98005295
89,0.75,1.25,0.97596496
89,0.75,1.5,0.9858671
89,0.75,1.75,0.9631092
89,0.75,2.0,0.9182009
89,1.0,0.0,0.9845799
89,1.0,0.25,0.9845799
89,1.0,0.5,0.9845799
89,1.0,0.75,0.98005295
89,1.0,1.0,0.9733197
89,1.0,1.25,0.97042036
89,1.0,1.5,0.9774895
89,1.0,1.75,0.9572575
89,1.0,2.0,0.9149295
89,1.25,0.0,0.9800589
89,1.25,0.25,0.9800589
89,1.25,0.5,0.9800589
89,1.25,0.75,0.9759649
89,1.25,1.0,0.97042036
89,1.25,1.25,0.9698104
89,1.25,1.5,0.9734012
89,1.25,1.75,0.9549882
89,1.25,2.0,0.9147949
89,1.5,0.0,0.99129874
89,1.5,0.25,0.99129874
89,1.5,0.5,0.99129874
89,1.5,0.75,0.985867
89,1.5,1.0,0.9774894
89,1.5,1.25,0.97340125
89,1.5,1.5,0.9834935
89,1.5,1.75,0.9608614
89,1.5,2.0,0.9162562
89,1.75,0.0,0.96712524
89,1.75,0.25,0.9671253
89,1.75,0.5,0.96712524
89,1.75,0.75,0.9631092
89,1.75,1.0,0.9572575
89,1.75,1.25,0.9549882
89,1.75,1.5,0.9608614
89,1.75,1.75,0.94457704
89,1.75,2.0,0.90231824
89,2.0,0.0,0.92076355
89,2.0,0.25,0.92076355
89,2.0,0.5,0.92076355
89,2.0,0.75,0.9182009
89,2.0,1.0,0.9149296
89,2.0,1.25,0.9147949
89,2.0,1.5,0.9162561
89,2.0,1.75,0.90231824
89,2.0,2.0,0.8700088
90,0.0,0.0,0.98170656
90,0.0,0.25,0.97836494
90,0.0,0.5,0.97889465
90,0.0,0.75,0.9812176
90,0.0,1.0,0.97723734
90,0.0,1.25,0.9810112
90,0.0,1.5,0.97046036
90,0.0,1.75,0.96364534
90,0.0,2.0,0.8147112
90,0.25,0.0,0.9783649
90,0.25,0.25,0.9828957
90,0.25,0.5,0.9821846
90,0.25,0.75,0.97915876
90,0.25,1.0,0.9762042
90,0.25,1.25,0.9765901
90,0.25,1.5,0.9676471
90,0.25,1.75,0.95841336
90,0.25,2.0,0.81489426
90,0.5,0.0,0.97889465
90,0.5,0.25,0.9821846
90,0.5,0.5,0.9816704
90,0.5,0.75,0.9795074
90,0.5,1.0,0.9763785
90,0.5,1.25,0.97731566
90,0.5,1.5,0.9681145
90,0.5,1.75,0.95924044
90,0.5,2.0,0.8148488
90,0.75,0.0,0.9812176
90,0.75,0.25,0.9791589
90,0.75,0.5,0.9795074
90,0.75,0.75,0.9813147
90,0.75,1.0,0.9772743
90,0.75,1.25,0.9808083
90,0.75,1.5,0.9704335
90,0.75,1.75,0.962836
90,0.75,2.0,0.8144412
90,1.0,0.0,0.9772372
90,1.0,0.25,0.9762043
90,1.0,0.5,0.9763785
90,1.0,0.75,0.97727424
90,1.0,1.0,0.9739514
90,1.0,1.25,0.97656053
90,1.0,1.5,0.96715873
90,1.0,1.75,0.95869946
90,1.0,2.0,0.81194395
90,1.25,0.0,0.9810112
90,1.25,0.25,0.9765901
90,1.25,0.5,0.97731566
90,1.25,0.75,0.98080826
90,1.25,1.0,0.97656065
90,1.25,1.25,0.9811634
90,1.25,1.5,0.9703329
90,1.25,1.75,0.9633156
90,1.25,2.0,0.81305194
90,1.5,0.0,0.9704603
90,1.5,0.25,0.9676471
90,1.5,0.5,0.9681145
90,1.5,0.75,0.9704335
90,1.5,1.0,0.9671587
90,1.5,1.25,0.9703329
90,1.5,1.5,0.96227455
90,1.5,1.75,0.95238113
90,1.5,2.0,0.80713624
90,1.75,0.0,0.96364534
90,1.75,0.25,0.95841336
90,1.75,0.5,0.95924044
90,1.75,0.75,0.962836
90,1.75,1.0,0.95869946
90,1.75,1.25,0.9633156
90,1.75,1.5,0.95238113
90,1.75,1.75,0.9480724
90,1.75,2.0,0.80137694
90,2.0,0.0,0.81471115
90,2.0,0.25,0.81489426
90,2.0,0.5,0.8148488
90,2.0,0.75,0.8144412
90,2.0,1.0,0.81194395
90,2.0,1.25,0.81305194
90,2.0,1.5,0.80713636
90,2.0,1.75,0.80137694
90,2.0,2.0,0.70806813
91,0.0,0.0,1.0
91,0.0,0.25,0.99467355
91,0.0,0.5,0.9298591
91,0.0,0.75,0.94392043
91,0.0,1.0,0.9292805
91,0.0,1.25,0.8951268
91,0.0,1.5,0.8861166
91,0.0,1.75,0.8502892
91,0.0,2.0,0.80259824
91,0.25,0.0,0.99467355
91,0.25,0.25,0.9898798
91,0.25,0.5,0.9291911
91,0.25,0.75,0.9423896
91,0.25,1.0,0.9286215
91,0.25,1.25,0.8966753
91,0.25,1.5,0.8878563
91,0.25,1.75,0.85167116
91,0.25,2.0,0.80370694
91,0.5,0.0,0.929859
91,0.5,0.25,0.9291911
91,0.5,0.5,0.91537225
91,0.5,0.75,0.91676986
91,0.5,1.0,0.91495425
91,0.5,1.25,0.90174794
91,0.5,1.5,0.900665
91,0.5,1.75,0.85539275
91,0.5,2.0,0.80643153
91,0.75,0.0,0.94392043
91,0.75,0.25,0.94238955
91,0.75,0.5,0.9167699
91,0.75,0.75,0.9218567
91,0.75,1.0,0.91636777
91,0.75,1.25,0.9000416
91,0.75,1.5,0.89575607
91,0.75,1.75,0.85382295
91,0.75,2.0,0.8047456
91,1.0,0.0,0.9292805
91,1.0,0.25,0.9286215
91,1.0,0.5,0.9149541
91,1.0,0.75,0.91636777
91,1.0,1.0,0.9146164
91,1.0,1.25,0.9013832
91,1.0,1.5,0.90032685
91,1.0,1.75,0.8549832
91,1.0,2.0,0.8059477
91,1.25,0.0,0.8951268
91,1.25,0.25,0.8966753
91,1.25,0.5,0.90174806
91,1.25,0.75,0.90004164
91,1.25,1.0,0.9013832
91,1.25,1.25,0.9006607
91,1.25,1.5,0.89901155
91,1.25,1.75,0.85355425
91,1.25,2.0,0.80318934
91,1.5,0.0,0.88611656
91,1.5,0.25,0.88785625
91,1.5,0.5,0.900665
91,1.5,0.75,0.89575607
91,1.5,1.0,0.90032685
91,1.5,1.25,0.89901143
91,1.5,1.5,0.90209824
91,1.5,1.75,0.8521638
91,1.5,2.0,0.80316985
91,1.75,0.0,0.8502892
91,1.75,0.25,0.85167116
91,1.75,0.5,0.85539275
91,1.75,0.75,0.85382295
91,1.75,1.0,0.8549832
91,1.75,1.25,0.85355425
91,1.75,1.5,0.8521637
91,1.75,1.75,0.8135474
91,1.75,2.0,0.76558393
91,2.0,0.0,0.80259824
91,2.0,0.25,0.80370694
91,2.0,0.5,0.8064314
91,2.0,0.75,0.8047456
91,2.0,1.0,0.8059477
91,2.0,1.25,0.80318934
91,2.0,1.5,0.80316985
91,2.0,1.75,0.76558393
91,2.0,2.0,0.72774124
92,0.0,0.0,0.8895236
92,0.0,0.25,0.8620162
92,0.0,0.5,0.84728605
92,0.0,0.75,0.81912774
92,0.0,1.0,0.81246674
92,0.0,1.25,0.8203629
92,0.0,1.5,0.7756389
92,0.0,1.75,0.7806131
92,0.0,2.0,0.5998987
92,0.25,0.0,0.8620163
92,0.25,0.25,0.8556221
92,0.25,0.5,0.851608
92,0.25,0.75,0.84466904
92,0.25,1.0,0.8169954
92,0.25,1.25,0.83877647
92,0.25,1.5,0.79281664
92,0.25,1.75,0.79726213
92,0.25,2.0,0.6229422
92,0.5,0.0,0.84728605
92,0.5,0.25,0.851608
92,0.5,0.5,0.8534859
92,0.5,0.75,0.85761905
92,0.5,1.0,0.81786233
92,0.5,1.25,0.84778535
92,0.5,1.5,0.800093
92,0.5,1.75,0.8049534
92,0.5,2.0,0.6340828
92,0.75,0.0,0.8191277
92,0.75,0.25,0.84466904
92,0.75,0.5,0.85761905
92,0.75,0.75,0.88328004
92,0.75,1.0,0.82145953
92,0.75,1.25,0.86606705
92,0.75,1.5,0.8163957
92,0.75,1.75,0.8211803
92,0.75,2.0,0.6568723
92,1.0,0.0,0.8124668
92,1.0,0.25,0.8169954
92,1.0,0.5,0.8178624
92,1.0,0.75,0.82145953
92,1.0,1.0,0.79792994
92,1.0,1.25,0.81423753
92,1.0,1.5,0.7869382
92,1.0,1.75,0.7787848
92,1.0,2.0,0.62798
92,1.25,0.0,0.8203629
92,1.25,0.25,0.83877647
92,1.25,0.5,0.84778535
92,1.25,0.75,0.86606705
92,1.25,1.0,0.8142376
92,1.25,1.25,0.8535901
92,1.25,1.5,0.8071336
92,1.25,1.75,0.8124832
92,1.25,2.0,0.6529994
92,1.5,0.0,0.7756389
92,1.5,0.25,0.79281664
92,1.5,0.5,0.80009294
92,1.5,0.75,0.8163957
92,1.5,1.0,0.7869382
92,1.5,1.25,0.8071336
92,1.5,1.5,0.7900011
92,1.5,1.75,0.77527666
92,1.5,2.0,0.6417041
92,1.75,0.0,0.7806132
92,1.75,0.25,0.79726213
92,1.75,0.5,0.8049534
92,1.75,0.75,0.8211803
92,1.75,1.0,0.7787848
92,1.75,1.25,0.8124832
92,1.75,1.5,0.7752767
92,1.75,1.75,0.7834948
92,1.75,2.0,0.6405899
92,2.0,0.0,0.5998987
92,2.0,0.25,0.6229422
92,2.0,0.5,0.6340828
92,2.0,0.75,0.65687215
92,2.0,1.0,0.62797993
92,2.0,1.25,0.6529995
92,2.0,1.5,0.6417041
92,2.0,1.75,0.6405899
92,2.0,2.0,0.5867051
93,0.0,0.0,0.8852658
93,0.0,0.25,0.8660137
93,0.0,0.5,0.86876464
93,0.0,0.75,0.8696159
93,0.0,1.0,0.853439
93,0.0,1.25,0.85035646
93,0.0,1.5,0.8285892
93,0.0,1.75,0.80512047
93,0.0,2.0,0.7402151
93,0.25,0.0,0.8660137
93,0.25,0.25,0.8787693
93,0.25,0.5,0.87081665
93,0.25,0.75,0.86751246
93,0.25,1.0,0.8595047
93,0.25,1.25,0.8615265
93,0.25,1.5,0.8581448
93,0.25,1.75,0.81652427
93,0.25,2.0,0.7473218
93,0.5,0.0,0.8687647
93,0.5,0.25,0.87081665
93,0.5,0.5,0.8671742
93,0.5,0.75,0.86445016
93,0.5,1.0,0.85403544
93,0.5,1.25,0.8544135
93,0.5,1.5,0.8452581
93,0.5,1.75,0.8111945
93,0.5,2.0,0.7432251
93,0.75,0.0,0.8696159
93,0.75,0.25,0.86751235
93,0.75,0.5,0.8644502
93,0.75,0.75,0.8678052
93,0.75,1.0,0.8539118
93,0.75,1.25,0.85302734
93,0.75,1.5,0.8385309
93,0.75,1.75,0.8052952
93,0.75,2.0,0.74205565
93,1.0,0.0,0.853439
93,1.0,0.25,0.8595047
93,1.0,0.5,0.8540355
93,1.0,0.75,0.8539118
93,1.0,1.0,0.8524675
93,1.0,1.25,0.85011655
93,1.0,1.5,0.84864634
93,1.0,1.75,0.8163844
93,1.0,2.0,0.74856484
93,1.25,0.0,0.85035646
93,1.25,0.25,0.8615265
93,1.25,0.5,0.8544136
93,1.25,0.75,0.8530274
93,1.25,1.0,0.85011655
93,1.25,1.25,0.8516393
93,1.25,1.5,0.85120684
93,1.25,1.75,0.814295
93,1.25,2.0,0.74605525
93,1.5,0.0,0.8285892
93,1.5,0.25,0.8581448
93,1.5,0.5,0.8452581
93,1.5,0.75,0.8385308
93,1.5,1.0,0.84864634
93,1.5,1.25,0.85120684
93,1.5,1.5,0.8721745
93,1.5,1.75,0.8249323
93,1.5,2.0,0.7509249
93,1.75,0.0,0.8051204
93,1.75,0.25,0.8165242
93,1.75,0.5,0.8111945
93,1.75,0.75,0.8052952
93,1.75,1.0,0.81638443
93,1.75,1.25,0.8142949
93,1.75,1.5,0.8249323
93,1.75,1.75,0.810314
93,1.75,2.0,0.734939
93,2.0,0.0,0.74021506
93,2.0,0.25,0.7473218
93,2.0,0.5,0.7432251
93,2.0,0.75,0.74205565
93,2.0,1.0,0.7485649
93,2.0,1.25,0.7460551
93,2.0,1.5,0.750925
93,2.0,1.75,0.734939
93,2.0,2.0,0.69143033
94,0.0,0.0,1.0
94,0.0,0.25,1.0
94,0.0,0.5,1.0
94,0.0,0.75,0.9938141
94,0.0,1.0,0.9943248
94,0.0,1.25,0.9749962
94,0.0,1.5,0.9752565
94,0.0,1.75,0.9697897
94,0.0,2.0,0.9757672
94,0.25,0.0,1.0
94,0.25,0.25,1.0
94,0.25,0.5,1.0
94,0.25,0.75,0.9938141
94,0.25,1.0,0.9943248
94,0.25,1.25,0.9749962
94,0.25,1.5,0.9752565
94,0.25,1.75,0.9697897
94,0.25,2.0,0.9757672
94,0.5,0.0,1.0
94,0.5,0.25,1.0
94,0.5,0.5,1.0
94,0.5,0.75,0.9938141
94,0.5,1.0,0.9943248
94,0.5,1.25,0.9749962
94,0.5,1.5,0.9752565
94,0.5,1.75,0.9697897
94,0.5,2.0,0.9757672
94,0.75,0.0,0.9938141
94,0.75,0.25,0.9938141
94,0.75,0.5,0.9938141
94,0.75,0.75,0.98824686
94,0.75,1.0,0.9882797
94,0.75,1.25,0.96990836
94,0.75,1.5,0.97154504
94,0.75,1.75,0.96479994
94,0.75,2.0,0.9715779
94,1.0,0.0,0.9943248
94,1.0,0.25,0.9943248
94,1.0,0.5,0.9943248
94,1.0,0.75,0.9882797
94,1.0,1.0,0.98921716
94,1.0,1.25,0.97121257
94,1.0,1.5,0.97014445
94,1.0,1.75,0.96649855
94,1.0,2.0,0.97108185
94,1.25,0.0,0.9749962
94,1.25,0.25,0.9749962
94,1.25,0.5,0.9749962
94,1.25,0.75,0.96990836
94,1.25,1.0,0.97121257
94,1.25,1.25,0.9570497
94,1.25,1.5,0.954645
94,1.25,1.75,0.9533789
94,1.25,2.0,0.95594925
94,1.5,0.0,0.9752565
94,1.5,0.25,0.9752565
94,1.5,0.5,0.9752565
94,1.5,0.75,0.97154504
94,1.5,1.0,0.9701445
94,1.5,1.25,0.954645
94,1.5,1.5,0.9604105
94,1.5,1.75,0.94983107
94,1.5,2.0,0.9590099
94,1.75,0.0,0.9697897
94,1.75,0.25,0.9697897
94,1.75,0.5,0.9697897
94,1.75,0.75,0.96480006
94,1.75,1.0,0.96649855
94,1.75,1.25,0.95337874
94,1.75,1.5,0.94983107
94,1.75,1.75,0.95040536
94,1.75,2.0,0.9515297
94,2.0,0.0,0.9757672
94,2.0,0.25,0.9757672
94,2.0,0.5,0.9757672
94,2.0,0.75,0.9715779
94,2.0,1.0,0.9710819
94,2.0,1.25,0.95594925
94,2.0,1.5,0.95900995
94,2.0,1.75,0.9515297
94,2.0,2.0,0.958514
95,0.0,0.0,0.99999994
95,0.0,0.25,0.99606615
95,0.0,0.5,0.9791047
95,0.0,0.75,0.95011365
95,0.0,1.0,0.93905836
95,0.0,1.25,0.9082586
95,0.0,1.5,0.91674864
95,0.0,1.75,0.9138527
95,0.0,2.0,0.7605199
95,0.25,0.0,0.99606615
95,0.25,0.25,0.9929191
95,0.25,0.5,0.976205
95,0.25,0.75,0.9488177
95,0.25,1.0,0.937267
95,0.25,1.25,0.90684617
95,0.25,1.5,0.9168675
95,0.25,1.75,0.9127646
95,0.25,2.0,0.7585234
95,0.5,0.0,0.97910464
95,0.5,0.25,0.976205
95,0.5,0.5,0.96254027
95,0.5,0.75,0.93964446
95,0.5,1.0,0.93111527
95,0.5,1.25,0.90626097
95,0.5,1.5,0.9131161
95,0.5,1.75,0.90914553
95,0.5,2.0,0.7573316
95,0.75,0.0,0.95011365
95,0.75,0.25,0.94881773
95,0.75,0.5,0.93964446
95,0.75,0.75,0.9257261
95,0.75,1.0,0.92015487
95,0.75,1.25,0.9037441
95,0.75,1.5,0.9094808
95,0.75,1.75,0.9041256
95,0.75,2.0,0.7543117
95,1.0,0.0,0.93905836
95,1.0,0.25,0.937267
95,1.0,0.5,0.93111527
95,1.0,0.75,0.92015487
95,1.0,1.0,0.9185919
95,1.0,1.25,0.90747184
95,1.0,1.5,0.90774995
95,1.0,1.75,0.90328795
95,1.0,2.0,0.7562996
95,1.25,0.0,0.9082587
95,1.25,0.25,0.90684617
95,1.25,0.5,0.90626097
95,1.25,0.75,0.90374404
95,1.25,1.0,0.90747184
95,1.25,1.25,0.9068941
95,1.25,1.5,0.9018805
95,1.25,1.75,0.89815736
95,1.25,2.0,0.7560146
95,1.5,0.0,0.91674864
95,1.5,0.25,0.9168675
95,1.5,0.5,0.9131161
95,1.5,0.75,0.9094808
95,1.5,1.0,0.90774995
95,1.5,1.25,0.9018805
95,1.5,1.5,0.9055737
95,1.5,1.75,0.8996757
95,1.5,2.0,0.75329363
95,1.75,0.0,0.9138527
95,1.75,0.25,0.9127646
95,1.75,0.5,0.90914553
95,1.75,0.75,0.9041257
95,1.75,1.0,0.90328807
95,1.75,1.25,0.89815736
95,1.75,1.5,0.8996757
95,1.75,1.75,0.8972373
95,1.75,2.0,0.7537183
95,2.0,0.0,0.76052004
95,2.0,0.25,0.7585234
95,2.0,0.5,0.75733167
95,2.0,0.75,0.75431174
95,2.0,1.0,0.7562996
95,2.0,1.25,0.7560146
95,2.0,1.5,0.7532935
95,2.0,1.75,0.75371844
95,2.0,2.0,0.6611546
96,0.0,0.0,1.0000001
96,0.0,0.25,1.0000001
96,0.0,0.5,1.0000001
96,0.0,0.75,1.0000001
96,0.0,1.0,1.0000001
96,0.0,1.25,0.9360458
96,0.0,1.5,0.9633014
96,0.0,1.75,0.932797
96,0.0,2.0,0.8703125
96,0.25,0.0,1.0000001
96,0.25,0.25,1.0000001
96,0.25,0.5,1.0000001
96,0.25,0.75,1.0000001
96,0.25,1.0,1.0000001
96,0.25,1.25,0.9360458
96,0.25,1.5,0.9633014
96,0.25,1.75,0.932797
96,0.25,2.0,0.8703126
96,0.5,0.0,1.0000001
96,0.5,0.25,1.0000001
96,0.5,0.5,1.0000001
96,0.5,0.75,1.0000001
96,0.5,1.0,1.0000001
96,0.5,1.25,0.9360458
96,0.5,1.5,0.9633014
96,0.5,1.75,0.932797
96,0.5,2.0,0.8703126
96,0.75,0.0,1.0000001
96,0.75,0.25,1.0000001
96,0.75,0.5,1.0000001
96,0.75,0.75,1.0000001
96,0.75,1.0,1.0000001
96,0.75,1.25,0.9360458
96,0.75,1.5,0.9633014
96,0.75,1.75,0.932797
96,0.75,2.0,0.8703125
96,1.0,0.0,1.0000001
96,1.0,0.25,1.0000001
96,1.0,0.5,1.0000001
96,1.0,0.75,1.0000001
96,1.0,1.0,1.0000001
96,1.0,1.25,0.9360458
96,1.0,1.5,0.9633014
96,1.0,1.75,0.932797
96,1.0,2.0,0.8703126
96,1.25,0.0,0.9360458
96,1.25,0.25,0.9360458
96,1.25,0.5,0.9360458
96,1.25,0.75,0.9360458
96,1.25,1.0,0.9360458
96,1.25,1.25,0.8923999
96,1.25,1.5,0.9116972
96,1.25,1.75,0.88647944
96,1.25,2.0,0.83234787
96,1.5,0.0,0.9633014
96,1.5,0.25,0.9633014
96,1.5,0.5,0.9633014
96,1.5,0.75,0.9633014
96,1.5,1.0,0.9633014
96,1.5,1.25,0.9116972
96,1.5,1.5,0.9348242
96,1.5,1.75,0.9074031
96,1.5,2.0,0.848851
96,1.75,0.0,0.932797
96,1.75,0.25,0.932797
96,1.75,0.5,0.932797
96,1.75,0.75,0.932797
96,1.75,1.0,0.932797
96,1.75,1.25,0.88647944
96,1.75,1.5,0.9074031
96,1.75,1.75,0.8858213
96,1.75,2.0,0.83059126
96,2.0,0.0,0.8703126
96,2.0,0.25,0.8703126
96,2.0,0.5,0.8703126
96,2.0,0.75,0.8703126
96,2.0,1.0,0.8703126
96,2.0,1.25,0.83234787
96,2.0,1.5,0.8488511
96,2.0,1.75,0.83059126
96,2.0,2.0,0.78932726
97,0.0,0.0,1.0000001
97,0.0,0.25,0.98643494
97,0.0,0.5,0.95693225
97,0.0,0.75,0.8866668
97,0.0,1.0,0.8073174
97,0.0,1.25,0.74921304
97,0.0,1.5,0.62151223
97,0.0,1.75,0.7066327
97,0.0,2.0,0.6241135
97,0.25,0.0,0.98643494
97,0.25,0.25,0.9742263
97,0.25,0.5,0.94741476
97,0.25,0.75,0.87960726
97,0.25,1.0,0.79918116
97,0.25,1.25,0.74789625
97,0.25,1.5,0.61533433
97,0.25,1.75,0.7008638
97,0.25,2.0,0.61788183
97,0.5,0.0,0.9569321
97,0.5,0.25,0.9474147
97,0.5,0.5,0.9261791
97,0.5,0.75,0.8635408
97,0.5,1.0,0.78231436
97,0.5,1.25,0.7439908
97,0.5,1.5,0.6035607
97,0.5,1.75,0.68931216
97,0.5,2.0,0.6055331
97,0.75,0.0,0.8866668
97,0.75,0.25,0.87960726
97,0.75,0.5,0.8635408
97,0.75,0.75,0.8128171
97,0.75,1.0,0.74437255
97,0.75,1.25,0.71521866
97,0.75,1.5,0.5909392
97,0.75,1.75,0.6543551
97,0.75,2.0,0.5800436
97,1.0,0.0,0.8073174
97,1.0,0.25,0.7991812
97,1.0,0.5,0.78231436
97,1.0,0.75,0.7443725
97,1.0,1.0,0.7147229
97,1.0,1.25,0.67511535
97,1.0,1.5,0.60708916
97,1.0,1.75,0.6216291
97,1.0,2.0,0.5682735
97,1.25,0.0,0.7492131
97,1.25,0.25,0.74789625
97,1.25,0.5,0.74399084
97,1.25,0.75,0.71521866
97,1.25,1.0,0.67511535
97,1.25,1.25,0.6775768
97,1.25,1.5,0.568844
97,1.25,1.75,0.59771407
97,1.25,2.0,0.5383915
97,1.5,0.0,0.62151223
97,1.5,0.25,0.61533433
97,1.5,0.5,0.6035607
97,1.5,0.75,0.5909392
97,1.5,1.0,0.60708916
97,1.5,1.25,0.568844
97,1.5,1.5,0.57719064
97,1.5,1.75,0.5208207
97,1.5,2.0,0.50185776
97,1.75,0.0,0.7066326
97,1.75,0.25,0.7008638
97,1.75,0.5,0.68931204
97,1.75,0.75,0.654355
97,1.75,1.0,0.6216292
97,1.75,1.25,0.59771407
97,1.75,1.5,0.5208206
97,1.75,1.75,0.56317526
97,1.75,2.0,0.50479066
97,2.0,0.0,0.62411356
97,2.0,0.25,0.61788183
97,2.0,0.5,0.6055331
97,2.0,0.75,0.5800436
97,2.0,1.0,0.56827354
97,2.0,1.25,0.5383915
97,2.0,1.5,0.50185776
97,2.0,1.75,0.50479066
97,2.0,2.0,0.47984686
98,0.0,0.0,1.0000001
98,0.0,0.25,0.9900916
98,0.0,0.5,0.9869423
98,0.0,0.75,0.93995386
98,0.0,1.0,0.9313161
98,0.0,1.25,0.924916
98,0.0,1.5,0.90948397
98,0.0,1.75,0.89276445
98,0.0,2.0,0.7781378
98,0.25,0.0,0.9900916
98,0.25,0.25,0.98114276
98,0.25,0.5,0.9782927
98,0.25,0.75,0.9353039
98,0.25,1.0,0.9262038
98,0.25,1.25,0.92045
98,0.25,1.5,0.9059719
98,0.25,1.75,0.8886078
98,0.25,2.0,0.775495
98,0.5,0.0,0.98694223
98,0.5,0.25,0.97829264
98,0.5,0.5,0.97575754
98,0.5,0.75,0.93396944
98,0.5,1.0,0.9250222
98,0.5,1.25,0.9207474
98,0.5,1.5,0.9053824
98,0.5,1.75,0.88808775
98,0.5,2.0,0.7757786
98,0.75,0.0,0.93995374
98,0.75,0.25,0.9353039
98,0.75,0.5,0.9339693
98,0.75,0.75,0.9095544
98,0.75,1.0,0.89856833
98,0.75,1.25,0.89644766
98,0.75,1.5,0.8853418
98,0.75,1.75,0.8658625
98,0.75,2.0,0.76029533
98,1.0,0.0,0.9313161
98,1.0,0.25,0.92620367
98,1.0,0.5,0.9250222
98,1.0,0.75,0.89856833
98,1.0,1.0,0.8931947
98,1.0,1.25,0.89259565
98,1.0,1.5,0.87855804
98,1.0,1.75,0.86132187
98,1.0,2.0,0.75666344
98,1.25,0.0,0.924916
98,1.25,0.25,0.92045
98,1.25,0.5,0.9207473
98,1.25,0.75,0.8964476
98,1.25,1.0,0.89259565
98,1.25,1.25,0.9032615
98,1.25,1.5,0.88165146
98,1.25,1.75,0.86550814
98,1.25,2.0,0.7627594
98,1.5,0.0,0.90948397
98,1.5,0.25,0.9059719
98,1.5,0.5,0.9053824
98,1.5,0.75,0.8853418
98,1.5,1.0,0.87855804
98,1.5,1.25,0.88165146
98,1.5,1.5,0.87023765
98,1.5,1.75,0.8494698
98,1.5,2.0,0.7490652
98,1.75,0.0,0.89276445
98,1.75,0.25,0.8886078
98,1.75,0.5,0.88808775
98,1.75,0.75,0.8658624
98,1.75,1.0,0.86132187
98,1.75,1.25,0.865508
98,1.75,1.5,0.84946966
98,1.75,1.75,0.8374606
98,1.75,2.0,0.7338701
98,2.0,0.0,0.7781378
98,2.0,0.25,0.775495
98,2.0,0.5,0.77577865
98,2.0,0.75,0.7602954
98,2.0,1.0,0.7566634
98,2.0,1.25,0.7627594
98,2.0,1.5,0.7490652
98,2.0,1.75,0.7338701
98,2.0,2.0,0.66826296
99,0.0,0.0,1.0000001
99,0.0,0.25,1.0000001
99,0.0,0.5,1.0000001
99,0.0,0.75,0.9677502
99,0.0,1.0,0.97067153
99,0.0,1.25,0.96373385
99,0.0,1.5,0.9236436
99,0.0,1.75,0.8133248
99,0.0,2.0,0.83413625
99,0.25,0.0,1.0000001
99,0.25,0.25,1.0000001
99,0.25,0.5,1.0000001
99,0.25,0.75,0.9677502
99,0.25,1.0,0.97067153
99,0.25,1.25,0.96373385
99,0.25,1.5,0.9236436
99,0.25,1.75,0.8133248
99,0.25,2.0,0.83413625
99,0.5,0.0,1.0000001
99,0.5,0.25,1.0000001
99,0.5,0.5,1.0000001
99,0.5,0.75,0.9677502
99,0.5,1.0,0.97067153
99,0.5,1.25,0.96373385
99,0.5,1.5,0.9236436
99,0.5,1.75,0.8133248
99,0.5,2.0,0.83413625
99,0.75,0.0,0.9677501
99,0.75,0.25,0.9677501
99,0.75,0.5,0.9677501
99,0.75,0.75,0.9419502
99,0.75,1.0,0.94340426
99,0.75,1.25,0.9375913
99,0.75,1.5,0.90413284
99,0.75,1.75,0.8097916
99,0.75,2.0,0.81680846
99,1.0,0.0,0.97067153
99,1.0,0.25,0.97067153
99,1.0,0.5,0.97067153
99,1.0,0.75,0.94340426
99,1.0,1.0,0.9471508
99,1.0,1.25,0.93980056
99,1.0,1.5,0.9045419
99,1.0,1.75,0.8100197
99,1.0,2.0,0.81852037
99,1.25,0.0,0.96373385
99,1.25,0.25,0.96373385
99,1.25,0.5,0.96373385
99,1.25,0.75,0.9375913
99,1.25,1.0,0.93980056
99,1.25,1.25,0.93432
99,1.25,1.5,0.90058136
99,1.25,1.75,0.80548894
99,1.25,2.0,0.81479627
99,1.5,0.0,0.92364365
99,1.5,0.25,0.92364365
99,1.5,0.5,0.92364365
99,1.5,0.75,0.90413284
99,1.5,1.0,0.9045419
99,1.5,1.25,0.9005814
99,1.5,1.5,0.87415004
99,1.5,1.75,0.7949344
99,1.5,2.0,0.7912567
99,1.75,0.0,0.8133248
99,1.75,0.25,0.8133248
99,1.75,0.5,0.8133248
99,1.75,0.75,0.8097916
99,1.75,1.0,0.8100197
99,1.75,1.25,0.8054889
99,1.75,1.5,0.7949344
99,1.75,1.75,0.76975083
99,1.75,2.0,0.72280836
99,2.0,0.0,0.83413625
99,2.0,0.25,0.83413625
99,2.0,0.5,0.83413625
99,2.0,0.75,0.81680846
99,2.0,1.0,0.8185203
99,2.0,1.25,0.81479627
99,2.0,1.5,0.7912567
99,2.0,1.75,0.72280836
99,2.0,2.0,0.72982144
100,0.0,0.0,0.99999994
100,0.0,0.25,0.99999994
100,0.0,0.5,0.99999994
100,0.0,0.75,0.99999994
100,0.0,1.0,0.99999994
100,0.0,1.25,0.99999994
100,0.0,1.5,0.987677
100,0.0,1.75,0.99079835
100,0.0,2.0,0.9201222
100,0.25,0.0,0.99999994
100,0.25,0.25,0.99999994
100,0.25,0.5,0.99999994
100,0.25,0.75,0.99999994
100,0.25,1.0,0.99999994
100,0.25,1.25,0.99999994
100,0.25,1.5,0.987677
100,0.25,1.75,0.99079835
100,0.25,2.0,0.9201222
100,0.5,0.0,0.99999994
100,0.5,0.25,0.99999994
100,0.5,0.5,0.99999994
100,0.5,0.75,0.99999994
100,0.5,1.0,0.99999994
100,0.5,1.25,0.99999994
100,0.5,1.5,0.987677
100,0.5,1.75,0.99079835
100,0.5,2.0,0.9201222
100,0.75,0.0,0.99999994
100,0.75,0.25,0.99999994
100,0.75,0.5,0.99999994
100,0.75,0.75,0.99999994
100,0.75,1.0,0.99999994
100,0.75,1.25,0.99999994
100,0.75,1.5,0.987677
100,0.75,1.75,0.99079835
100,0.75,2.0,0.9201222
100,1.0,0.0,0.99999994
100,1.0,0.25,0.99999994
100,1.0,0.5,0.99999994
100,1.0,0.75,0.99999994
100,1.0,1.0,0.99999994
100,1.0,1.25,0.99999994
100,1.0,1.5,0.987677
100,1.0,1.75,0.99079835
100,1.0,2.0,0.9201222
100,1.25,0.0,0.99999994
100,1.25,0.25,0.99999994
100,1.25,0.5,0.99999994
100,1.25,0.75,0.99999994
100,1.25,1.0,0.99999994
100,1.25,1.25,0.99999994
100,1.25,1.5,0.987677
100,1.25,1.75,0.99079835
100,1.25,2.0,0.9201222
100,1.5,0.0,0.987677
100,1.5,0.25,0.987677
100,1.5,0.5,0.987677
100,1.5,0.75,0.987677
100,1.5,1.0,0.987677
100,1.5,1.25,0.987677
100,1.5,1.5,0.9790509
100,1.5,1.75,0.98106295
100,1.5,2.0,0.9093156
100,1.75,0.0,0.99079835
100,1.75,0.25,0.99079835
100,1.75,0.5,0.99079835
100,1.75,0.75,0.99079835
100,1.75,1.0,0.99079835
100,1.75,1.25,0.99079835
100,1.75,1.5,0.98106295
100,1.75,1.75,0.9835023
100,1.75,2.0,0.91206825
100,2.0,0.0,0.9201222
100,2.0,0.25,0.9201222
100,2.0,0.5,0.9201222
100,2.0,0.75,0.9201222
100,2.0,1.0,0.9201222
100,2.0,1.25,0.9201222
100,2.0,1.5,0.9093156
100,2.0,1.75,0.91206825
100,2.0,2.0,0.8519428
101,0.0,0.0,1.0
101,0.0,0.25,1.0
101,0.0,0.5,1.0
101,0.0,0.75,1.0
101,0.0,1.0,1.0
101,0.0,1.25,0.99606055
101,0.0,1.5,0.91174567
101,0.0,1.75,0.9829117
101,0.0,2.0,0.91768885
101,0.25,0.0,1.0
101,0.25,0.25,1.0
101,0.25,0.5,1.0
101,0.25,0.75,1.0
101,0.25,1.0,1.0
101,0.25,1.25,0.99606055
101,0.25,1.5,0.91174567
101,0.25,1.75,0.9829116
101,0.25,2.0,0.91768885
101,0.5,0.0,1.0
101,0.5,0.25,1.0
101,0.5,0.5,1.0
101,0.5,0.75,1.0
101,0.5,1.0,1.0
101,0.5,1.25,0.99606055
101,0.5,1.5,0.91174567
101,0.5,1.75,0.9829116
101,0.5,2.0,0.91768885
101,0.75,0.0,1.0
101,0.75,0.25,1.0
101,0.75,0.5,1.0
101,0.75,0.75,1.0
101,0.75,1.0,1.0
101,0.75,1.25,0.99606055
101,0.75,1.5,0.91174567
101,0.75,1.75,0.9829117
101,0.75,2.0,0.91768885
101,1.0,0.0,1.0
101,1.0,0.25,1.0
101,1.0,0.5,1.0
101,1.0,0.75,1.0
101,1.0,1.0,1.0
101,1.0,1.25,0.99606055
101,1.0,1.5,0.91174567
101,1.0,1.75,0.9829116
101,1.0,2.0,0.91768885
101,1.25,0.0,0.99606055
101,1.25,0.25,0.99606055
101,1.25,0.5,0.99606055
101,1.25,0.75,0.99606055
101,1.25,1.0,0.99606055
101,1.25,1.25,0.992909
101,1.25,1.5,0.9088603
101,1.25,1.75,0.97997284
101,1.25,2.0,0.9149519
101,1.5,0.0,0.9117458
101,1.5,0.25,0.9117458
101,1.5,0.5,0.9117458
101,1.5,0.75,0.9117458
101,1.5,1.0,0.9117458
101,1.5,1.25,0.9088603
101,1.5,1.5,0.83995485
101,1.5,1.75,0.89712024
101,1.5,2.0,0.84309405
101,1.75,0.0,0.9829117
101,1.75,0.25,0.9829117
101,1.75,0.5,0.9829117
101,1.75,0.75,0.9829117
101,1.75,1.0,0.9829117
101,1.75,1.25,0.97997284
101,1.75,1.5,0.8971201
101,1.75,1.75,0.9685048
101,1.75,2.0,0.9030841
101,2.0,0.0,0.9176887
101,2.0,0.25,0.9176887
101,2.0,0.5,0.9176887
101,2.0,0.75,0.9176887
101,2.0,1.0,0.9176887
101,2.0,1.25,0.9149519
101,2.0,1.5,0.84309393
101,2.0,1.75,0.9030841
101,2.0,2.0,0.8517407
102,0.0,0.0,1.0
102,0.0,0.25,0.9617662
102,0.0,0.5,0.85210645
102,0.0,0.75,0.9351532
102,0.0,1.0,0.87779075
102,0.0,1.25,0.7736408
102,0.0,1.5,0.75444734
102,0.0,1.75,0.73839706
102,0.0,2.0,0.55559814
102,0.25,0.0,0.9617662
102,0.25,0.25,0.9273558
102,0.25,0.5,0.82854414
102,0.25,0.75,0.90336394
102,0.25,1.0,0.8470592
102,0.25,1.25,0.7557068
102,0.25,1.5,0.7383242
102,0.25,1.75,0.7164628
102,0.25,2.0,0.5451766
102,0.5,0.0,0.85210645
102,0.5,0.25,0.82854414
102,0.5,0.5,0.76115036
102,0.5,0.75,0.81221956
102,0.5,1.0,0.75831324
102,0.5,1.25,0.70611984
102,0.5,1.5,0.6925789
102,0.5,1.75,0.6528729
102,0.5,2.0,0.51573783
102,0.75,0.0,0.9351532
102,0.75,0.25,0.90336394
102,0.75,0.5,0.8122196
102,0.75,0.75,0.8820334
102,0.75,1.0,0.827692
102,0.75,1.25,0.74539375
102,0.75,1.5,0.7285608
102,0.75,1.75,0.7048707
102,0.75,2.0,0.5391676
102,1.0,0.0,0.8777907
102,1.0,0.25,0.8470592
102,1.0,0.5,0.7583133
102,1.0,0.75,0.827692
102,1.0,1.0,0.79195505
102,1.0,1.25,0.69500107
102,1.0,1.5,0.6829177
102,1.0,1.75,0.6875844
102,1.0,2.0,0.50890565
102,1.25,0.0,0.7736408
102,1.25,0.25,0.75570685
102,1.25,0.5,0.70611984
102,1.25,0.75,0.74539375
102,1.25,1.0,0.69500107
102,1.25,1.25,0.67499846
102,1.25,1.5,0.6547562
102,1.25,1.75,0.6105383
102,1.25,2.0,0.4988952
102,1.5,0.0,0.75444734
102,1.5,0.25,0.7383242
102,1.5,0.5,0.6925789
102,1.5,0.75,0.7285608
102,1.5,1.0,0.68291765
102,1.5,1.25,0.65475607
102,1.5,1.5,0.6434767
102,1.5,1.75,0.6021789
102,1.5,2.0,0.48448998
102,1.75,0.0,0.73839706
102,1.75,0.25,0.7164628
102,1.75,0.5,0.6528729
102,1.75,0.75,0.70487076
102,1.75,1.0,0.6875844
102,1.75,1.25,0.6105383
102,1.75,1.5,0.6021789
102,1.75,1.75,0.62426454
102,1.75,2.0,0.4650655
102,2.0,0.0,0.55559814
102,2.0,0.25,0.5451766
102,2.0,0.5,0.5157379
102,2.0,0.75,0.5391676
102,2.0,1.0,0.50890565
102,2.0,1.25,0.4988952
102,2.0,1.5,0.48448998
102,2.0,1.75,0.4650655
102,2.0,2.0,0.42224938
103,0.0,0.0,0.99999994
103,0.0,0.25,0.9761885
103,0.0,0.5,0.83306557
103,0.0,0.75,0.85438484
103,0.0,1.0,0.75690186
103,0.0,1.25,0.73344123
103,0.0,1.5,0.7245262
103,0.0,1.75,0.6663017
103,0.0,2.0,0.6797182
103,0.25,0.0,0.9761885
103,0.25,0.25,0.9547583
103,0.25,0.5,0.82589144
103,0.25,0.75,0.8434818
103,0.25,1.0,0.75420624
103,0.25,1.25,0.7338162
103,0.25,1.5,0.7221239
103,0.25,1.75,0.6689276
103,0.25,2.0,0.68068665
103,0.5,0.0,0.83306557
103,0.5,0.25,0.82589144
103,0.5,0.5,0.78246367
103,0.5,0.75,0.77779144
103,0.5,1.0,0.7376314
103,0.5,1.25,0.7357797
103,0.5,1.5,0.7075874
103,0.5,1.75,0.6845542
103,0.5,2.0,0.68633026
103,0.75,0.0,0.8543849
103,0.75,0.25,0.8434818
103,0.75,0.5,0.77779144
103,0.75,0.75,0.78735614
103,0.75,1.0,0.74267685
103,0.75,1.25,0.726653
103,0.75,1.5,0.7138892
103,0.75,1.75,0.67728484
103,0.75,2.0,0.6848502
103,1.0,0.0,0.7569019
103,1.0,0.25,0.7542063
103,1.0,0.5,0.7376314
103,1.0,0.75,0.74267685
103,1.0,1.0,0.73464495
103,1.0,1.25,0.71968764
103,1.0,1.5,0.708302
103,1.0,1.75,0.6832733
103,1.0,2.0,0.68838006
103,1.25,0.0,0.73344123
103,1.25,0.25,0.7338162
103,1.25,0.5,0.7357797
103,1.25,0.75,0.726653
103,1.25,1.0,0.71968764
103,1.25,1.25,0.7211393
103,1.25,1.5,0.6945749
103,1.25,1.75,0.68302673
103,1.25,2.0,0.6808153
103,1.5,0.0,0.7245262
103,1.5,0.25,0.72212386
103,1.5,0.5,0.7075874
103,1.5,0.75,0.7138892
103,1.5,1.0,0.708302
103,1.5,1.25,0.6945749
103,1.5,1.5,0.69050384
103,1.5,1.75,0.6661529
103,1.5,2.0,0.6695189
103,1.75,0.0,0.6663018
103,1.75,0.25,0.66892767
103,1.75,0.5,0.6845542
103,1.75,0.75,0.67728496
103,1.75,1.0,0.6832734
103,1.75,1.25,0.68302673
103,1.75,1.5,0.6661528
103,1.75,1.75,0.661881
103,1.75,2.0,0.65495455
103,2.0,0.0,0.67971826
103,2.0,0.25,0.6806867
103,2.0,0.5,0.68633026
103,2.0,0.75,0.6848502
103,2.0,1.0,0.68838
103,2.0,1.25,0.6808152
103,2.0,1.5,0.6695189
103,2.0,1.75,0.65495455
103,2.0,2.0,0.65982497
104,0.0,0.0,0.86528426
104,0.0,0.25,0.888826
104,0.0,0.5,0.8570906
104,0.0,0.75,0.7238974
104,0.0,1.0,0.5729103
104,0.0,1.25,0.7020242
104,0.0,1.5,0.56243116
104,0.0,1.75,0.55140984
104,0.0,2.0,0.44645515
104,0.25,0.0,0.8888261
104,0.25,0.25,0.91839355
104,0.25,0.5,0.8765432
104,0.25,0.75,0.7274533
104,0.25,1.0,0.58411515
104,0.25,1.25,0.7116168
104,0.25,1.5,0.5790651
104,0.25,1.75,0.5652873
104,0.25,2.0,0.45423728
104,0.5,0.0,0.8570906
104,0.5,0.25,0.8765432
104,0.5,0.5,0.85603285
104,0.5,0.75,0.7209108
104,0.5,1.0,0.55777436
104,0.5,1.25,0.6915994
104,0.5,1.5,0.5408541
104,0.5,1.75,0.5332266
104,0.5,2.0,0.430139
104,0.75,0.0,0.7238974
104,0.75,0.25,0.7274533
104,0.75,0.5,0.7209108
104,0.75,0.75,0.69935876
104,0.75,1.0,0.58428407
104,0.75,1.25,0.6772276
104,0.75,1.5,0.54719406
104,0.75,1.75,0.55415785
104,0.75,2.0,0.4773008
104,1.0,0.0,0.57291025
104,1.0,0.25,0.58411515
104,1.0,0.5,0.55777436
104,1.0,0.75,0.58428407
104,1.0,1.0,0.600222
104,1.0,1.25,0.5980135
104,1.0,1.5,0.56413573
104,1.0,1.75,0.57140136
104,1.0,2.0,0.5157251
104,1.25,0.0,0.7020242
104,1.25,0.25,0.7116168
104,1.25,0.5,0.6915994
104,1.25,0.75,0.6772276
104,1.25,1.0,0.5980135
104,1.25,1.25,0.6734219
104,1.25,1.5,0.5663118
104,1.25,1.75,0.57442546
104,1.25,2.0,0.49516532
104,1.5,0.0,0.5624313
104,1.5,0.25,0.5790651
104,1.5,0.5,0.54085404
104,1.5,0.75,0.54719406
104,1.5,1.0,0.56413573
104,1.5,1.25,0.5663118
104,1.5,1.5,0.5529754
104,1.5,1.75,0.5458669
104,1.5,2.0,0.4920465
104,1.75,0.0,0.55140984
104,1.75,0.25,0.5652873
104,1.75,0.5,0.5332267
104,1.75,0.75,0.55415785
104,1.75,1.0,0.57140136
104,1.75,1.25,0.57442546
104,1.75,1.5,0.5458669
104,1.75,1.75,0.5548515
104,1.75,2.0,0.49657837
104,2.0,0.0,0.44645512
104,2.0,0.25,0.45423728
104,2.0,0.5,0.43013898
104,2.0,0.75,0.47730076
104,2.0,1.0,0.5157251
104,2.0,1.25,0.49516532
104,2.0,1.5,0.4920465
104,2.0,1.75,0.49657837
104,2.0,2.0,0.47801086
105,0.0,0.0,1.0000001
105,0.0,0.25,1.0000001
105,0.0,0.5,0.9741096
105,0.0,0.75,0.9590198
105,0.0,1.0,0.9028881
105,0.0,1.25,0.94942015
105,0.0,1.5,0.82790375
105,0.0,1.75,0.9000438
105,0.0,2.0,0.63208306
105,0.25,0.0,1.0000001
105,0.25,0.25,1.0000001
105,0.25,0.5,0.9741096
105,0.25,0.75,0.9590198
105,0.25,1.0,0.9028881
105,0.25,1.25,0.94942015
105,0.25,1.5,0.82790375
105,0.25,1.75,0.9000438
105,0.25,2.0,0.63208306
105,0.5,0.0,0.97410965
105,0.5,0.25,0.97410965
105,0.5,0.5,0.9508081
105,0.5,0.75,0.9357099
105,0.5,1.0,0.8843588
105,0.5,1.25,0.9279466
105,0.5,1.5,0.8120615
105,0.5,1.75,0.8794907
105,0.5,2.0,0.6197452
105,0.75,0.0,0.9590198
105,0.75,0.25,0.9590198
105,0.75,0.5,0.93570983
105,0.75,0.75,0.9228318
105,0.75,1.0,0.8721785
105,0.75,1.25,0.9128654
105,0.75,1.5,0.80382556
105,0.75,1.75,0.8689625
105,0.75,2.0,0.6152121
105,1.0,0.0,0.9028881
105,1.0,0.25,0.9028881
105,1.0,0.5,0.8843588
105,1.0,0.75,0.8721785
105,1.0,1.0,0.8315214
105,1.0,1.25,0.8651688
105,1.0,1.5,0.7707199
105,1.0,1.75,0.82623184
105,1.0,2.0,0.58988714
105,1.25,0.0,0.94942015
105,1.25,0.25,0.94942015
105,1.25,0.5,0.92794657
105,1.25,0.75,0.9128653
105,1.25,1.0,0.8651688
105,1.25,1.25,0.90755385
105,1.25,1.5,0.7964227
105,1.25,1.75,0.85939
105,1.25,2.0,0.60737723
105,1.5,0.0,0.82790375
105,1.5,0.25,0.82790375
105,1.5,0.5,0.8120615
105,1.5,0.75,0.80382556
105,1.5,1.0,0.7707198
105,1.5,1.25,0.7964228
105,1.5,1.5,0.7294995
105,1.5,1.75,0.7721169
105,1.5,2.0,0.5611223
105,1.75,0.0,0.9000437
105,1.75,0.25,0.9000437
105,1.75,0.5,0.8794907
105,1.75,0.75,0.8689625
105,1.75,1.0,0.82623184
105,1.75,1.25,0.85939
105,1.75,1.5,0.77211684
105,1.75,1.75,0.835798
105,1.75,2.0,0.5979299
105,2.0,0.0,0.63208306
105,2.0,0.25,0.63208306
105,2.0,0.5,0.6197452
105,2.0,0.75,0.6152121
105,2.0,1.0,0.58988714
105,2.0,1.25,0.60737723
105,2.0,1.5,0.5611223
105,2.0,1.75,0.5979299
105,2.0,2.0,0.4869957
